path,state,county_name,type,notes,build
data/raw/Alaska/alaska_cvr_2020.csv,ALASKA,STATEWIDE,delim,,
data/raw/Arizona/Maricopa,ARIZONA,MARICOPA,json,,
data/raw/Arizona/Pima/cvr.csv,ARIZONA,PIMA,delim,,
data/raw/Arizona/Santa Cruz/cvr_modified.csv,ARIZONA,SANTA CRUZ,delim,,
data/raw/Arizona/Yuma/cvr.csv,ARIZONA,YUMA,delim,,
data/raw/Arkansas/Faulkner/cvr.csv,ARKANSAS,FAULKNER,delim,,
data/raw/Arkansas/Pulaski/cvr.csv,ARKANSAS,PULASKI,delim,,
data/raw/California/Alameda/cvr_headers_merged.csv,CALIFORNIA,ALAMEDA,delim,,
data/raw/California/Amador/cvr.csv,CALIFORNIA,AMADOR,delim,,
data/raw/California/Contra Costa/cvr_headers_merged.csv,CALIFORNIA,CONTRA COSTA,delim,,
data/raw/California/Del Norte,CALIFORNIA,DEL NORTE,json,,
data/raw/California/El Dorado/cvr.csv,CALIFORNIA,EL DORADO,delim,,
data/raw/California/Fresno/Fresno CA.csv,CALIFORNIA,FRESNO,delim,,
data/raw/California/Glenn,CALIFORNIA,GLENN,json,,
data/raw/California/Humboldt,CALIFORNIA,HUMBOLDT,xml,,
data/raw/California/Imperial/cvr.csv,CALIFORNIA,IMPERIAL,delim,,
data/raw/California/Inyo/cvr.csv,CALIFORNIA,INYO,delim,,
data/raw/California/Kern/Kern County - California CVR_Export_20220210140912.csv,CALIFORNIA,KERN,delim,,
data/raw/California/King/cvr_headers_merged.csv,CALIFORNIA,KINGS,delim,,
data/raw/California/Lake,CALIFORNIA,LAKE,xml,,
,CALIFORNIA,LOS ANGELES,special,separate codes,no
data/raw/California/Marin,CALIFORNIA,MARIN,json,,
data/raw/California/Mariposa/cvr.csv,CALIFORNIA,MARIPOSA,delim,,
data/raw/California/Mendocino,CALIFORNIA,MENDOCINO,xml,,
data/raw/California/Merced/cvr_merged.csv,CALIFORNIA,MERCED,delim,,
data/raw/California/Mono/cvr.csv,CALIFORNIA,MONO,delim,,
data/raw/California/Nevada,CALIFORNIA,NEVADA,xml,,
data/raw/California/Orange,CALIFORNIA,ORANGE,xml,,
data/raw/California/Placer/cvr.csv,CALIFORNIA,PLACER,delim,,
data/raw/California/Riverside/cvr_headers_merged.csv,CALIFORNIA,RIVERSIDE,delim,,
data/raw/California/San Benito/cvr_headers_merged.csv,CALIFORNIA,SAN BENITO,delim,,
data/raw/California/San Bernardino,CALIFORNIA,SAN BERNARDINO,json,,
data/raw/California/San Diego/cvr_headers_clean.csv,CALIFORNIA,SAN DIEGO,delim,,
data/raw/California/San Francisco,CALIFORNIA,SAN FRANCISCO,json,,
data/raw/California/San Joaquin,CALIFORNIA,SAN JOAQUIN,xml,,
data/raw/California/San Luis Obispo/cvr.csv,CALIFORNIA,SAN LUIS OBISPO,delim,,
data/raw/California/San Mateo/cvr_headers_merged.csv,CALIFORNIA,SAN MATEO,delim,,
data/raw/California/Santa Barbara/cvr.csv,CALIFORNIA,SANTA BARBARA,delim,,
data/raw/California/Santa Clara/cvr_headers_merged.csv,CALIFORNIA,SANTA CLARA,delim,,
data/raw/California/Santa Cruz/PRA Request - November 2020.csv,CALIFORNIA,SANTA CRUZ,delim,,
data/raw/California/Shasta/cvr.csv,CALIFORNIA,SHASTA,delim,,
data/raw/California/Sonoma/cvr_headers_merged.csv,CALIFORNIA,SONOMA,delim,,
data/raw/California/Stanislaus,CALIFORNIA,STANISLAUS,xml,,
data/raw/California/Sutter,CALIFORNIA,SUTTER,json,,
data/raw/California/Tehama/cvr.csv,CALIFORNIA,TEHAMA,delim,,
data/raw/California/Tuolumne/cvr.csv,CALIFORNIA,TUOLUMNE,delim,,
data/raw/California/Ventura,CALIFORNIA,VENTURA,json,,
data/raw/California/Yuba/cvr_headers_merged.csv,CALIFORNIA,YUBA,delim,,
data/raw/Colorado/Adams/cvr.csv,COLORADO,ADAMS,delim,,
data/raw/Colorado/Alamosa/cvr.csv,COLORADO,ALAMOSA,delim,,
data/raw/Colorado/Arapahoe/cvr.csv,COLORADO,ARAPAHOE,delim,,
data/raw/Colorado/Archuleta/cvr.csv,COLORADO,ARCHULETA,delim,,
data/raw/Colorado/Bent/cvr.csv,COLORADO,BENT,delim,,
data/raw/Colorado/Boulder/cvr.csv,COLORADO,BOULDER,delim,,
data/raw/Colorado/Broomfield/cvr.csv,COLORADO,BROOMFIELD,delim,,
data/raw/Colorado/Chaffee/cvr.CSV,COLORADO,CHAFFEE,delim,,
data/raw/Colorado/Cheyenne/cvr.csv,COLORADO,CHEYENNE,delim,,
data/raw/Colorado/Clear Creek/cvr.csv,COLORADO,CLEAR CREEK,delim,,
data/raw/Colorado/Conejos/cvr.csv,COLORADO,CONEJOS,delim,,
data/raw/Colorado/Costilla/cvr.csv,COLORADO,COSTILLA,delim,,
data/raw/Colorado/Crowley/cvr.csv,COLORADO,CROWLEY,delim,,
data/raw/Colorado/Custer/cvr.csv,COLORADO,CUSTER,delim,,
data/raw/Colorado/Delta/cvr.csv,COLORADO,DELTA,delim,,
data/raw/Colorado/Denver/cvr_headers_merged.csv,COLORADO,DENVER,delim,,
data/raw/Colorado/Dolores/cvr2.csv,COLORADO,DOLORES,delim,had to delete last row of totals,
data/raw/Colorado/Douglas/cvr.csv,COLORADO,DOUGLAS,delim,,
data/raw/Colorado/Eagle/cvr_headers_merged.csv,COLORADO,EAGLE,delim,,
data/raw/Colorado/El Paso/cvr.csv,COLORADO,EL PASO,delim,,
data/raw/Colorado/Elbert/cvr.csv,COLORADO,ELBERT,delim,,
data/raw/Colorado/Fremont/cvr.csv,COLORADO,FREMONT,delim,,
data/raw/Colorado/Garfield/cvr.csv,COLORADO,GARFIELD,delim,header but needs some rows added,
data/raw/Colorado/Gilpin/cvr.csv,COLORADO,GILPIN,delim,,
data/raw/Colorado/Grand/cvr.csv,COLORADO,GRAND,delim,,
data/raw/Colorado/Gunnison/cvr.csv,COLORADO,GUNNISON,delim,,
data/raw/Colorado/Hinsdale/cvr.csv,COLORADO,HINSDALE,delim,,
data/raw/Colorado/Huerfano/cvr.csv,COLORADO,HUERFANO,delim,,
data/raw/Colorado/Jackson/cvr.csv,COLORADO,JACKSON,delim,,
data/raw/Colorado/Jefferson/cvr.csv,COLORADO,JEFFERSON,delim,,
data/raw/Colorado/Kiowa/cvr.csv,COLORADO,KIOWA,delim,,
data/raw/Colorado/Kit Carson/cvr.csv,COLORADO,KIT CARSON,delim,,
data/raw/Colorado/La Plata/cvr.csv,COLORADO,LA PLATA,delim,,
data/raw/Colorado/Lake/cvr.csv,COLORADO,LAKE,delim,,
data/raw/Colorado/Larimer/cvr.csv,COLORADO,LARIMER,delim,,
data/raw/Colorado/Las Animas/cvr.csv,COLORADO,LAS ANIMAS,delim,,no
data/raw/Colorado/Lincoln/cvr.csv,COLORADO,LINCOLN,delim,,
data/raw/Colorado/Logan/cvr.csv,COLORADO,LOGAN,delim,,
data/raw/Colorado/Mesa/cvr.csv,COLORADO,MESA,delim,,
data/raw/Colorado/Mineral/cvr.csv,COLORADO,MINERAL,delim,,
data/raw/Colorado/Moffat/cvr.csv,COLORADO,MOFFAT,delim,,
data/raw/Colorado/Montezuma/cvr.csv,COLORADO,MONTEZUMA,delim,,
data/raw/Colorado/Montrose/cvr.csv,COLORADO,MONTROSE,delim,,
data/raw/Colorado/Morgan/cvr.csv,COLORADO,MORGAN,delim,,
data/raw/Colorado/Otero/cvr.csv,COLORADO,OTERO,delim,,
data/raw/Colorado/Ouray/cvr.csv,COLORADO,OURAY,delim,,
data/raw/Colorado/Park/cvr.csv,COLORADO,PARK,delim,,
data/raw/Colorado/Phillips/cvr.csv,COLORADO,PHILLIPS,delim,,
data/raw/Colorado/Pitkin/cvr.csv,COLORADO,PITKIN,delim,,
data/raw/Colorado/Prowers/cvr.csv,COLORADO,PROWERS,delim,,
data/raw/Colorado/Pueblo/cvr.csv,COLORADO,PUEBLO,delim,,
data/raw/Colorado/Rio Blanco/cvr.csv,COLORADO,RIO BLANCO,delim,,
data/raw/Colorado/Rio Grande/cvr.csv,COLORADO,RIO GRANDE,delim,,
data/raw/Colorado/Routt/cvr_headers_merged.csv,COLORADO,ROUTT,delim,,
data/raw/Colorado/Saguache/cvr.csv,COLORADO,SAGUACHE,delim,,
data/raw/Colorado/San Miguel/cvr.csv,COLORADO,SAN MIGUEL,delim,,
data/raw/Colorado/Sedgwick/cvr.csv,COLORADO,SEDGWICK,delim,,
data/raw/Colorado/Summit/cvr.csv,COLORADO,SUMMIT,delim,,
data/raw/Colorado/Teller/cvr.csv,COLORADO,TELLER,delim,,
data/raw/Colorado/Washington/cvr.csv,COLORADO,WASHINGTON,delim,,
data/raw/Colorado/Weld/cvr.csv,COLORADO,WELD,delim,,
data/raw/Colorado/Yuma/cvr.csv,COLORADO,YUMA,delim,,
data/raw/Delaware/cvr.csv,DELAWARE,STATEWIDE,delim,,
data/raw/District of Columbia/cvr.csv,DISTRICT OF COLUMBIA,STATEWIDE,delim,,
data/raw/Florida/Bay/cvr.csv,FLORIDA,BAY,delim,,
data/raw/Florida/Bradford/cvr.csv,FLORIDA,BRADFORD,delim,,
data/raw/Florida/Brevard/BrevardCVR.csv,FLORIDA,BREVARD,delim,,
data/raw/Florida/Broward/cvr.csv,FLORIDA,BROWARD,delim,,
data/raw/Florida/Calhoun/cvr.csv,FLORIDA,CALHOUN,delim,,
data/raw/Florida/Citrus/cvr.csv,FLORIDA,CITRUS,delim,,
data/raw/Florida/Clay/cvr.csv,FLORIDA,CLAY,delim,,
data/raw/Florida/Collier/CollierCVR.csv,FLORIDA,COLLIER,delim,,
data/raw/Florida/Duval/cvr.csv,FLORIDA,DUVAL,delim,,
data/raw/Florida/Escambia/cvr.csv,FLORIDA,ESCAMBIA,delim,,
data/raw/Florida/Flagler/cvr.csv,FLORIDA,FLAGLER,delim,,
data/raw/Florida/Gadsden/cvr.csv,FLORIDA,GADSDEN,delim,,
data/raw/Florida/Gulf/cvr.csv,FLORIDA,GULF,delim,,
data/raw/Florida/Hamilton/cvr.csv,FLORIDA,HAMILTON,delim,,
data/raw/Florida/Highlands/cvr.csv,FLORIDA,HIGHLANDS,delim,,
data/raw/Florida/Hillsborough/cvr.csv,FLORIDA,HILLSBOROUGH,delim,,
data/raw/Florida/Holmes/cvr.csv,FLORIDA,HOLMES,delim,,
data/raw/Florida/Indian River/cvr.csv,FLORIDA,INDIAN RIVER,delim,,
data/raw/Florida/Jackson/cvr.csv,FLORIDA,JACKSON,delim,,
data/raw/Florida/Lafayette/cvr.csv,FLORIDA,LAFAYETTE,delim,,
data/raw/Florida/Lake/cvr.csv,FLORIDA,LAKE,delim,,
,FLORIDA,LEE,special,multiple excels,
,FLORIDA,MANATEE,special,multiple excels,
,FLORIDA,MARION,special,multiple excels,
data/raw/Florida/Martin/MartinFL2020 General CVR.xlsx,FLORIDA,MARTIN,delim,,
data/raw/Florida/Miami Dade/cvr.csv,FLORIDA,MIAMI-DADE,delim,,
data/raw/Florida/Nassau/cvr.csv,FLORIDA,NASSAU,delim,,
data/raw/Florida/Okaloosa/Okaloosa FL part 1.csv,FLORIDA,OKALOOSA,delim,,
data/raw/Florida/Orange/cvr.csv,FLORIDA,ORANGE,delim,,
data/raw/Florida/Palm Beach/cvr.csv,FLORIDA,PALM BEACH,delim,,
data/raw/Florida/Pasco/cvr.csv,FLORIDA,PASCO,delim,,
,FLORIDA,SANTA ROSA,special,multiple excels,
,FLORIDA,SARASOTA,special,multiple excels,
data/raw/Florida/St Johns/2020General_CVR_AllContests.csv,FLORIDA,ST JOHNS,delim,,
data/raw/Florida/Sumter/Total Cast vote record(1).xlsx,FLORIDA,SUMTER,delim,,
data/raw/Florida/Wakulla/Wakulla CVR 2020.xlsx,FLORIDA,WAKULLA,delim,,
data/raw/Florida/Walton/Walton FL CVR.csv,FLORIDA,WALTON,special,,
data/raw/Georgia/Bacon/CVR_Export_20220812141419NOV2020.csv,GEORGIA,BACON,delim,,
data/raw/Georgia/Barrow/Barrow CVR_Export_20220414164623.csv,GEORGIA,BARROW,delim,,
data/raw/Georgia/Bartow/Bartow CVR_Export_20220815114818.csv,GEORGIA,BARTOW,delim,,
"data/raw/Georgia/Ben Hill/Ben Hill County, GA CVR.csv",GEORGIA,BEN HILL,delim,,
data/raw/Georgia/Berrien/Berrien CVR .csv,GEORGIA,BERRIEN,delim,,
data/raw/Georgia/Bibb/cvr.csv,GEORGIA,BIBB,delim,,
"data/raw/Georgia/Bleckly/Bleckley County, GA CVR.csv",GEORGIA,BLECKLEY,delim,,
"data/raw/Georgia/Brantley/Brantley County, GA CVR.csv",GEORGIA,BRANTLEY,delim,,
data/raw/Georgia/Bryan/CVR_Export_20220823153711.csv,GEORGIA,BRYAN,delim,,
data/raw/Georgia/Burke/Burke CVR 11.3.2020.csv,GEORGIA,BURKE,delim,,
"data/raw/Georgia/Camden/Camden County, GA.csv",GEORGIA,CAMDEN,delim,,
data/raw/Georgia/Candler/cvr.csv,GEORGIA,CANDLER,delim,,
data/raw/Georgia/Carroll/CVR_Export_Carroll Nov 2020 General.csv,GEORGIA,CARROLL,delim,,
data/raw/Georgia/Catoosa/cvrr.csv,GEORGIA,CATOOSA,delim,,
data/raw/Georgia/Charlton/CVR_Export_20220811124240.csv,GEORGIA,CHARLTON,delim,,
data/raw/Georgia/Chatham/cvr.csv,GEORGIA,CHATHAM,delim,,
data/raw/Georgia/Chatooga/Chatooga GA.csv,GEORGIA,CHATTOOGA,delim,,
data/raw/Georgia/Cherokee/CVR_Export_20220601100156.csv,GEORGIA,CHEROKEE,delim,,
data/raw/Georgia/Clarke/Clarke County GA CVR.csv,GEORGIA,CLARKE,delim,,
data/raw/Georgia/Cobb/cvr.csv,GEORGIA,COBB,delim,,
data/raw/Georgia/Colquitt/cvr.csv,GEORGIA,COLQUITT,delim,,
data/raw/Georgia/Columbia/cvr.csv,GEORGIA,COLUMBIA,delim,,
data/raw/Georgia/Cook/cvr.csv,GEORGIA,COOK,delim,,
data/raw/Georgia/Crisp/Crisp 2020 CVR.csv,GEORGIA,CRISP,delim,,
data/raw/Georgia/Dade/2020 General.csv,GEORGIA,DADE,delim,,
data/raw/Georgia/Dawson/cvr.csv,GEORGIA,DAWSON,delim,,
data/raw/Georgia/DeKalb/cvr.csv,GEORGIA,DEKALB,delim,,
data/raw/Georgia/Douglas/cvr.csv,GEORGIA,DOUGLAS,delim,,
"data/raw/Georgia/Early/Early County, GA CVR.csv",GEORGIA,EARLY,delim,,
data/raw/Georgia/Echols/cvr.csv,GEORGIA,ECHOLS,delim,,
data/raw/Georgia/Elbert/cvr.csv,GEORGIA,ELBERT,delim,,
data/raw/Georgia/Emmanuel/cvr.csv,GEORGIA,EMANUEL,delim,,
data/raw/Georgia/Fayette/CVR_Export_20220404100656.csv,GEORGIA,FAYETTE,delim,,
data/raw/Georgia/Floyd/Floyd GA CVR.csv,GEORGIA,FLOYD,delim,,
data/raw/Georgia/Forsyth/CVR_Export_20220217134745.csv,GEORGIA,FORSYTH,delim,,
data/raw/Georgia/Franklin,GEORGIA,FRANKLIN,json,,
"data/raw/Georgia/Gilmer/Gilmer County, GA CVR.csv",GEORGIA,GILMER,delim,,
"data/raw/Georgia/Glaskcock/Glaskcock County, GA CVR.csv",GEORGIA,GLASCOCK,delim,,
data/raw/Georgia/Glynn/Glynn Nov 2020 CVR General Election.csv,GEORGIA,GLYNN,delim,,
data/raw/Georgia/Gordon/CVR_Export_20220824131635.csv,GEORGIA,GORDON,delim,,
data/raw/Georgia/Grady/CVR_Export_20220811140251.csv,GEORGIA,GRADY,delim,,
"data/raw/Georgia/Greene/Greene County, GA CVR.csv",GEORGIA,GREENE,delim,,
data/raw/Georgia/Gwinnett/Nov_General_CVR_Export_20210104103413_headers_merged.csv,GEORGIA,GWINNETT,delim,,
data/raw/Georgia/Hall/Hall CVR_Export_20220406150423.csv,GEORGIA,HALL,delim,,
data/raw/Georgia/Haralson/HARALSON CO GA CVR_Export_20220330153848.csv,GEORGIA,HARALSON,delim,,
data/raw/Georgia/Harris/cvr.csv,GEORGIA,HARRIS,delim,,
data/raw/Georgia/Hart/CVR_Export_20220902105850.csv,GEORGIA,HART,delim,,
data/raw/Georgia/Heard/ CVR.csv,GEORGIA,HEARD,delim,,
data/raw/Georgia/Henry/cvr.csv,GEORGIA,HENRY,delim,,
data/raw/Georgia/Houston/cvr.csv,GEORGIA,HOUSTON,delim,,
data/raw/Georgia/Irwin/CVR_Export_20220811125008.csv,GEORGIA,IRWIN,delim,,
data/raw/Georgia/Jackson/CVR_Export_20220512132309.csv,GEORGIA,JACKSON,delim,,
data/raw/Georgia/Jasper/CVR_Export_20220906105540.csv,GEORGIA,JASPER,delim,,
data/raw/Georgia/Lanier/cvr.csv,GEORGIA,LANIER,delim,,
data/raw/Georgia/Laurens/cvr.csv,GEORGIA,LAURENS,delim,,
data/raw/Georgia/Lee/Lee CVR Nov 2020.csv,GEORGIA,LEE,delim,,
data/raw/Georgia/Lowndes/Georgia_Lowndes County Nov 2020 CVR_Export_20220804134923.csv,GEORGIA,LOWNDES,delim,,
data/raw/Georgia/Lumpkin/Lumpkin GA.csv,GEORGIA,LUMPKIN,delim,,
"data/raw/Georgia/Madison/Madison Co, GA.csv",GEORGIA,MADISON,delim,,
"data/raw/Georgia/McDuffie/McDuffie County, GA CVR.csv",GEORGIA,MCDUFFIE,delim,,
"data/raw/Georgia/Mitchell/Mitchell County, GA CVR.csv",GEORGIA,MITCHELL,delim,,
data/raw/Georgia/Morgan/CVR_Export Nov 2020.csv,GEORGIA,MORGAN,delim,,
data/raw/Georgia/Murray/Murray GA.csv,GEORGIA,MURRAY,delim,,
data/raw/Georgia/Muscogee/NOV 2020 CAST VOTE REPORT.csv,GEORGIA,MUSCOGEE,delim,,
data/raw/Georgia/Newton/CVR_Export_20220210105911.csv,GEORGIA,NEWTON,delim,,
data/raw/Georgia/Oconee/Oconee County GA CVR.csv,GEORGIA,OCONEE,delim,,
data/raw/Georgia/Paulding/cvr.csv,GEORGIA,PAULDING,delim,,
data/raw/Georgia/Pierce/Pierce GA.csv,GEORGIA,PIERCE,delim,,
"data/raw/Georgia/Pike/Pike County, GA CVR.csv",GEORGIA,PIKE,delim,,
data/raw/Georgia/Polk/CVR_Export_ NOV2020.csv,GEORGIA,POLK,delim,,
data/raw/Georgia/Pulaski/CVR_Export_20220816124908.csv,GEORGIA,PULASKI,delim,,
data/raw/Georgia/Putnam/cvr.csv,GEORGIA,PUTNAM,delim,,
data/raw/Georgia/Rabun/Rabun_County_CVR_Export_20220902095847.csv,GEORGIA,RABUN,delim,,
data/raw/Georgia/Richmond/GA Richmond County CVR_Export_20220208102134.csv,GEORGIA,RICHMOND,delim,,
data/raw/Georgia/Rockdale/cvr.csv,GEORGIA,ROCKDALE,delim,,
data/raw/Georgia/Schley/CVR_Export_NOVEMBER32020.csv,GEORGIA,SCHLEY,delim,,
data/raw/Georgia/Spalding/SpaldingCountyGeorgiaCVR_Export_20220906155327(1).csv,GEORGIA,SPALDING,delim,,
data/raw/Georgia/Talbot/cvr.csv,GEORGIA,TALBOT,delim,,
data/raw/Georgia/Tattnall/Nov 2020.csv,GEORGIA,TATTNALL,delim,,
"data/raw/Georgia/Terrell/CVR_Export_20220831102155 TERRELL COUNTY, GA.csv",GEORGIA,TERRELL,delim,,
"data/raw/Georgia/Thomas/Thomas County, GA CVR.csv",GEORGIA,THOMAS,delim,,
data/raw/Georgia/Tift/cvr.csv,GEORGIA,TIFT,delim,,
data/raw/Georgia/Upson/CVR_Export_20220824160044.csv,GEORGIA,UPSON,delim,,
data/raw/Georgia/Walker/Walker GA.csv,GEORGIA,WALKER,delim,,
data/raw/Georgia/Walton/cvrr.csv,GEORGIA,WALTON,delim,,
data/raw/Georgia/Ware/cvr.csv,GEORGIA,WARE,delim,,
"data/raw/Georgia/Warren/Warren County, GA CVR.csv",GEORGIA,WARREN,delim,,
data/raw/Georgia/Whitfield/Whitfield GA.csv,GEORGIA,WHITFIELD,delim,,
data/raw/Georgia/Wilcox/cvr.csv,GEORGIA,WILCOX,delim,,
data/raw/Idaho/Bonner,IDAHO,BONNER,xml,,
data/raw/Illinois/Brown/03Nov2020_IL_General_Brown_CVR-8-3-2022.xlsx,ILLINOIS,BROWN,delim,,
data/raw/Illinois/Clinton/03Nov2020_IL_General_Clinton_CVR-7-7-2022.csv,ILLINOIS,CLINTON,delim,,
data/raw/Illinois/Hamilton/Hamilton IL.csv,ILLINOIS,HAMILTON,delim,,
data/raw/Illinois/Jo Daviess/2020 GE CVR.xlsx,ILLINOIS,JO DAVIESS,delim,,
data/raw/Illinois/Lake/cvr3.csv,ILLINOIS,LAKE,delim,,
data/raw/Illinois/McHenry/03Nov2020_IL_General_McHenry_CVR-8-5-2022.xlsx,ILLINOIS,MCHENRY,delim,,
data/raw/Illinois/Bloomington/cvr2.csv,ILLINOIS,MCLEAN,delim,,
data/raw/Illinois/Monroe/GE2020CVR.csv,ILLINOIS,MONROE,delim,,
data/raw/Illinois/Pike/03Nov2020_IL_General_Pike_CVR-7-28-2022.xlsx,ILLINOIS,PIKE,delim,,
data/raw/Illinois/Union/03Nov2020_IL_General_Union_CVR-8-5-2022(1).xlsx,ILLINOIS,UNION,delim,,
data/raw/Illinois/Wayne/03Nov2020_IL_General_Wayne_CVR-8-29-2022.xlsx,ILLINOIS,WAYNE,delim,,
data/raw/Illinois/Rockford/03Nov2020_IL_General_Rockford_CVR-8-5-2022.xlsx,ILLINOIS,WINNEBAGO,delim,,
data/raw/Iowa/Dickenson,IOWA,DICKINSON,json,,
data/raw/Maryland/Allegany/cvr.csv,MARYLAND,ALLEGANY,delim,,
data/raw/Maryland/Anne Arundel/cvr.csv,MARYLAND,ANNE ARUNDEL,delim,,
data/raw/Maryland/Baltimore/cvr_merged.csv,MARYLAND,BALTIMORE,delim,,
data/raw/Maryland/Baltimore City/cvr_merged.csv,MARYLAND,BALTIMORE CITY,delim,,
data/raw/Maryland/Calvert/cvr.csv,MARYLAND,CALVERT,delim,,
data/raw/Maryland/Caroline/cvr.csv,MARYLAND,CAROLINE,delim,,
data/raw/Maryland/Carroll/cvr.csv,MARYLAND,CARROLL,delim,,
data/raw/Maryland/Cecil/cvr.csv,MARYLAND,CECIL,delim,,
data/raw/Maryland/Charles/cvr.csv,MARYLAND,CHARLES,delim,,
data/raw/Maryland/Dorchester/cvr.csv,MARYLAND,DORCHESTER,delim,,
data/raw/Maryland/Frederick/cvr.csv,MARYLAND,FREDERICK,delim,,
data/raw/Maryland/Garrett/cvr.csv,MARYLAND,GARRETT,delim,,
data/raw/Maryland/Harford/cvr.csv,MARYLAND,HARFORD,delim,,
data/raw/Maryland/Howard/cvr.csv,MARYLAND,HOWARD,delim,,
data/raw/Maryland/Kent/cvr.csv,MARYLAND,KENT,delim,,
data/raw/Maryland/Montgomery/cvr_merged.csv,MARYLAND,MONTGOMERY,delim,,
data/raw/Maryland/Prince Georges/cvr_merged.csv,MARYLAND,PRINCE GEORGE'S,delim,,
data/raw/Maryland/Queen Anne's/cvr.csv,MARYLAND,QUEEN ANNE'S,delim,,
data/raw/Maryland/Somerset/cvr.csv,MARYLAND,SOMERSET,delim,,
data/raw/Maryland/Saint Mary's/cvr.csv,MARYLAND,ST MARY'S,delim,,
data/raw/Maryland/Talbot/cvr.csv,MARYLAND,TALBOT,delim,,
data/raw/Maryland/Washington/cvr.csv,MARYLAND,WASHINGTON,delim,,
data/raw/Maryland/Wicomico/cvr.csv,MARYLAND,WICOMICO,delim,,
data/raw/Maryland/Worcester/cvr.csv,MARYLAND,WORCESTER,delim,,
data/raw/Michigan/Alcona,MICHIGAN,ALCONA,json,,
data/raw/Michigan/Alger/cvr.csv,MICHIGAN,ALGER,delim,,
data/raw/Michigan/Baraga,MICHIGAN,BARAGA,json,,no
data/raw/Michigan/Barry/cvr.csv,MICHIGAN,BARRY,delim,,
data/raw/Michigan/Bay/cvr.csv,MICHIGAN,BAY,delim,,
data/raw/Michigan/Branch/cvr.csv,MICHIGAN,BRANCH,delim,,
data/raw/Michigan/Charlevoix,MICHIGAN,CHARLEVOIX,json,,
data/raw/Michigan/Cheboygan/cvr.csv,MICHIGAN,CHEBOYGAN,delim,,
data/raw/Michigan/Chippewah/cvr.csv,MICHIGAN,CHIPPEWA,delim,,
data/raw/Michigan/Clinton,MICHIGAN,CLINTON,xml,,
data/raw/Michigan/Delta/cvr.csv,MICHIGAN,DELTA,delim,,no
data/raw/Michigan/Dickenson/cvr.csv,MICHIGAN,DICKINSON,delim,,
data/raw/Michigan/Eaton,MICHIGAN,EATON,xml,,
data/raw/Michigan/Emmett/cvr.csv,MICHIGAN,EMMET,delim,,
data/raw/Michigan/Gladwin/cvr.csv,MICHIGAN,GLADWIN,delim,,
data/raw/Michigan/Hillsdale,MICHIGAN,HILLSDALE,xml,,
data/raw/Michigan/Iosco,MICHIGAN,IOSCO,json,,
data/raw/Michigan/Iron/cvr.csv,MICHIGAN,IRON,delim,,
data/raw/Michigan/Isabella/Isabella Co MI Nov 2020 Gen Election.csv,MICHIGAN,ISABELLA,delim,,
data/raw/Michigan/Kalamazoo/cvr.csv,MICHIGAN,KALAMAZOO,delim,,
data/raw/Michigan/Leelanau/cvr.csv,MICHIGAN,LEELANAU,delim,,
data/raw/Michigan/Livingston,MICHIGAN,LIVINGSTON,xml,,
data/raw/Michigan/Macomb/cvr.csv,MICHIGAN,MACOMB,delim,,
data/raw/Michigan/Manistee,MICHIGAN,MANISTEE,json,,
data/raw/Michigan/Marquette/cvr.csv,MICHIGAN,MARQUETTE,delim,,
data/raw/Michigan/Mason/cvr.csv,MICHIGAN,MASON,delim,,
data/raw/Michigan/Missaukee,MICHIGAN,MISSAUKEE,json,,
data/raw/Michigan/Monroe/cvr.csv,MICHIGAN,MONROE,delim,,
data/raw/Michigan/Montmorency/cvr.csv,MICHIGAN,MONTMORENCY,delim,,
data/raw/Michigan/Washtinaw,MICHIGAN,WASHTENAW,xml,,
data/raw/Michigan/Wayne/cvr.csv,MICHIGAN,WAYNE,delim,,
data/raw/Minnesota/Fillmore/cvr_modified.csv,MINNESOTA,FILLMORE,delim,,
data/raw/Nevada/Carson City/Carson City NV.csv,NEVADA,CARSON CITY,delim,,
data/raw/Nevada/Churchill/Nevada_Churchill_County_CVR_Export_20220329093901_CHURCHILL_NV_REPORT.csv,NEVADA,CHURCHILL,delim,,
data/raw/Nevada/Clark/CVR_Export_20201124105543_pe.csv,NEVADA,CLARK,delim,,
data/raw/Nevada/Douglas/Nevada_Douglas_County_4_CVR_Export_20220405105116.csv,NEVADA,DOUGLAS,delim,,
data/raw/Nevada/Elko/Nevada_Elko_County_4CVR_Export_20220322153718.csv,NEVADA,ELKO,delim,,
data/raw/Nevada/Esmerelda,NEVADA,ESMERALDA,json,,
data/raw/Nevada/Eureka/Nevada_Eureka_County_CVR_Export_20220324083636.csv,NEVADA,EUREKA,delim,,
data/raw/Nevada/Humboldt,NEVADA,HUMBOLDT,json,,
data/raw/Nevada/Lander/cvr.csv,NEVADA,LANDER,delim,,
data/raw/Nevada/Lincoln/Nevada_Lincoln_County_CVR_Export_20220405085248.csv,NEVADA,LINCOLN,delim,,
data/raw/Nevada/Lyon/Nevada_Lyon_County_CVR_Export_20220426145023.csv,NEVADA,LYON,delim,,
data/raw/Nevada/Mineral,NEVADA,MINERAL,json,,
data/raw/Nevada/Nye/Nevada_Nye_county_CVR_Export_20220324164214.csv,NEVADA,NYE,delim,,
data/raw/Nevada/Pershing/Nevada_Pershing_County_CVR_Export_20220408154542.csv,NEVADA,PERSHING,delim,,
data/raw/Nevada/Storey/Nevada_Storey_County_CVR_Export_20220328095552.csv,NEVADA,STOREY,delim,,
data/raw/Nevada/Washoe/CVR_Export_20201117152753.csv,NEVADA,WASHOE,delim,,
data/raw/Nevada/White Pine/Nevada_White_Pine_County_CVR_Export_20220323112932.csv,NEVADA,WHITE PINE,delim,,
data/raw/New Jersey/Bergen/cvr.csv,NEW JERSEY,BERGEN,delim,,
data/raw/New Jersey/Camden,NEW JERSEY,CAMDEN,json,,
data/raw/New Jersey/Cumberland,NEW JERSEY,CUMBERLAND,special,json style but already merged?,
data/raw/New Jersey/Essex/cvr.csv,NEW JERSEY,ESSEX,delim,,
data/raw/New Jersey/Gloucester/cvr_modified.csv,NEW JERSEY,GLOUCESTER,delim,,
data/raw/New Jersey/Hudson/cvr.csv,NEW JERSEY,HUDSON,delim,,
data/raw/New Jersey/Middlesex/cvr.csv,NEW JERSEY,MIDDLESEX,delim,,
data/raw/New Jersey/Monmouth/cvr.csv,NEW JERSEY,MONMOUTH,delim,,
data/raw/New Jersey/Passaic/cvr.csv,NEW JERSEY,PASSAIC,delim,,
data/raw/New Jersey/Salem/CVR_Export_20220506102242.csv,NEW JERSEY,SALEM,delim,,
data/raw/New Jersey/Union/Union County CVR.csv,NEW JERSEY,UNION,delim,,
data/raw/New Mexico/Chavez/cvr6.csv,NEW MEXICO,CHAVES,delim,,
data/raw/New Mexico/Cibola/cvr.csv,NEW MEXICO,CIBOLA,delim,,
data/raw/New Mexico/Los Alamos/cvr.csv,NEW MEXICO,LOS ALAMOS,delim,,
data/raw/New Mexico/McKinley/cvr.csv,NEW MEXICO,MCKINLEY,delim,,
data/raw/New Mexico/Otero,NEW MEXICO,OTERO,json,,
data/raw/New Mexico/Quay/cvr.csv.csv,NEW MEXICO,QUAY,delim,,
data/raw/New Mexico/Roosevelt/cvr.csv,NEW MEXICO,ROOSEVELT,delim,,
data/raw/New Mexico/Sandoval/cvr.csv,NEW MEXICO,SANDOVAL,delim,,
data/raw/New Mexico/Sierra/CVR_Export_20220706110147.csv,NEW MEXICO,SIERRA,delim,,
data/raw/New Mexico/Socorro/cvr.csv,NEW MEXICO,SOCORRO,delim,,
data/raw/New Mexico/Valencia/Valencia NM.csv,NEW MEXICO,VALENCIA,delim,,
data/raw/Ohio/Allen/cvr.csv,OHIO,ALLEN,delim,,
data/raw/Ohio/Ashtabula/cvr.csv,OHIO,ASHTABULA,delim,,
data/raw/Ohio/Auglaize/cvr.csv,OHIO,AUGLAIZE,delim,,
data/raw/Ohio/Belmont/cvr.csv,OHIO,BELMONT,delim,,
data/raw/Ohio/Butler/cvr_headers_merged.csv,OHIO,BUTLER,delim,,
data/raw/Ohio/Champaign/cvr_merged.csv,OHIO,CHAMPAIGN,delim,,
data/raw/Ohio/Clark/cvr.csv,OHIO,CLARK,delim,,
data/raw/Ohio/Clermont/cvr.csv,OHIO,CLERMONT,delim,,
data/raw/Ohio/Clinton/cvr.csv,OHIO,CLINTON,delim,,
data/raw/Ohio/Cuyahoga/cvr_merged.csv,OHIO,CUYAHOGA,delim,,
data/raw/Ohio/Darke/cvr.csv,OHIO,DARKE,delim,,
data/raw/Ohio/Erie/cvr.csv,OHIO,ERIE,delim,,
data/raw/Ohio/Fayette/cvr.csv,OHIO,FAYETTE,delim,,
data/raw/Ohio/Franklin/cvr.csv,OHIO,FRANKLIN,delim,,
data/raw/Ohio/Gallia/cvr.csv,OHIO,GALLIA,delim,,
data/raw/Ohio/Greene/cvr_headers_merged.csv,OHIO,GREENE,delim,,
data/raw/Ohio/Hancock/2020.NOV.CVR.csv,OHIO,HANCOCK,delim,,
data/raw/Ohio/Hardin,OHIO,HARDIN,json,,
data/raw/Ohio/Harrison,OHIO,HARRISON,json,,
data/raw/Ohio/Highland/cvr.csv,OHIO,HIGHLAND,delim,,
data/raw/Ohio/Hocking/cvr.csv,OHIO,HOCKING,delim,,
data/raw/Ohio/Logan/cvr.csv,OHIO,LOGAN,delim,,
data/raw/Ohio/Miami/cvr.csv,OHIO,MIAMI,delim,,
data/raw/Ohio/Monroe/cvr.csv,OHIO,MONROE,delim,,no
data/raw/Ohio/Pickaway/cvr.csv,OHIO,PICKAWAY,delim,,
data/raw/Ohio/Preble/cvr.csv,OHIO,PREBLE,delim,,
data/raw/Ohio/Putnam/cvr.csv,OHIO,PUTNAM,delim,,
data/raw/Ohio/Richland/cvr.csv,OHIO,RICHLAND,delim,,
data/raw/Ohio/Ross/cvr.csv,OHIO,ROSS,delim,,
data/raw/Ohio/Seneca/cvrx.csv,OHIO,SENECA,delim,,
data/raw/Ohio/Shelby/cvr.csv,OHIO,SHELBY,delim,,
data/raw/Ohio/Trumbull/cvr.csv,OHIO,TRUMBULL,delim,,
data/raw/Ohio/Tuscawaras/cvr.csv,OHIO,TUSCARAWAS,delim,,
data/raw/Ohio/VanWert/cvr2.csv,OHIO,VAN WERT,delim,,
data/raw/Ohio/Wayne,OHIO,WAYNE,json,,
data/raw/Ohio/Wood/cvr.csv,OHIO,WOOD,delim,,
data/raw/Ohio/Wyandot/cvr.csv,OHIO,WYANDOT,delim,,
data/raw/Oregon/Clatsop/cvr.csv,OREGON,CLATSOP,delim,,
data/raw/Oregon/Columbia/Columbia OR.csv,OREGON,COLUMBIA,delim,,
data/raw/Oregon/Coos/cvr.csv,OREGON,COOS,delim,header but needs some rows added,
data/raw/Oregon/Deschutes/cvr.csv,OREGON,DESCHUTES,delim,,
data/raw/Oregon/Douglas/cvr.csv,OREGON,DOUGLAS,delim,header but needs some rows added,
data/raw/Oregon/Harney/cvr.csv,OREGON,HARNEY,delim,,
data/raw/Oregon/Josephine/cvr.csv,OREGON,JOSEPHINE,delim,,
data/raw/Oregon/Klamath/cvr.csv,OREGON,KLAMATH,delim,,
data/raw/Oregon/Lincoln/cvr.csv,OREGON,LINCOLN,delim,,
data/raw/Oregon/Linn/cvr.csv,OREGON,LINN,delim,,
data/raw/Oregon/Marion/CVRExport-7-12-2022 09-40-36 AM,OREGON,MARION,xml,,
data/raw/Oregon/Polk/cvr.csv,OREGON,POLK,delim,,
data/raw/Oregon/Union/cvr.csv,OREGON,UNION,delim,,
data/raw/Oregon/Wasco/cvr.csv,OREGON,WASCO,delim,,
data/raw/Oregon/Washington/cvr.csv,OREGON,WASHINGTON,delim,,
data/raw/Oregon/Yamhill,OREGON,YAMHILL,xml,,
,PENNSYLVANIA,ALLEGHENY,special,,
data/raw/Rhode Island/ri_merged.csv,RHODE ISLAND,STATEWIDE,delim,,
data/raw/Tennessee/Davidson,TENNESSEE,DAVIDSON,json,,
data/raw/Tennessee/Hamilton,TENNESSEE,HAMILTON,json,,
data/raw/Tennessee/Loudon Cty/2020 General Election CVRs.xlsx,TENNESSEE,LOUDON,delim,,
data/raw/Tennessee/Pickett/Picket_County_TN_cvr.xlsx,TENNESSEE,PICKETT,delim,,
data/raw/Tennessee/Sevier/seviercounty.xlsx,TENNESSEE,SEVIER,delim,,
data/raw/Tennessee/Williamson/WilliamsonTNCVR.csv,TENNESSEE,WILLIAMSON,delim,,
data/raw/Texas/Andrews/cvr.csv,TEXAS,ANDREWS,delim,,
data/raw/Texas/Aransas/Cast Vote Records/November 2020 CVR,TEXAS,ARANSAS,xml,,
data/raw/Texas/Bosque/cvr.csv,TEXAS,BOSQUE,delim,,
data/raw/Texas/Cameron/cvr.csv,TEXAS,CAMERON,delim,,
data/raw/Texas/Childress/cvr.csv,TEXAS,CHILDRESS,delim,,
data/raw/Texas/Coleman/cvr.csv,TEXAS,COLEMAN,delim,,
data/raw/Texas/Collin/cvr.csv,TEXAS,COLLIN,delim,,
data/raw/Texas/Comal,TEXAS,COMAL,xml,,
data/raw/Texas/Cooke/cvr.csv,TEXAS,COOKE,delim,,
data/raw/Texas/Cottle/cvr.csv,TEXAS,COTTLE,delim,,
data/raw/Texas/Crane/cvr.csv,TEXAS,CRANE,delim,,
data/raw/Texas/Dallas/cvr.csv,TEXAS,DALLAS,delim,,
data/raw/Texas/Deaf Smith/Nov 2020 CVR,TEXAS,DEAF SMITH,xml,,
,TEXAS,DENTON,special,unique format,
data/raw/Texas/Ellis/cvr.csv,TEXAS,ELLIS,delim,,
data/raw/Texas/Erath/cvr.csv,TEXAS,ERATH,delim,,
data/raw/Texas/Fort Bend/cvr.csv,TEXAS,FORT BEND,delim,,
data/raw/Texas/Galveston,TEXAS,GALVESTON,xml,,
data/raw/Texas/Gray/Nov 2020 CRV,TEXAS,GRAY,xml,,
data/raw/Texas/Grayson/11.2020 Cast Vote Records.xlsx,TEXAS,GRAYSON,delim,,
data/raw/Texas/Guadelupe/cvr.csv,TEXAS,GUADALUPE,delim,,
data/raw/Texas/Hidalgo/Nov 2020 CVRs,TEXAS,HIDALGO,xml,,
data/raw/Texas/Howard/Howard 2020 November General Election CVR.xlsx,TEXAS,HOWARD,delim,,
data/raw/Texas/Kendall/cvr.csv,TEXAS,KENDALL,delim,,
data/raw/Texas/Lee/cvr.csv,TEXAS,LEE,delim,,
data/raw/Texas/Montague/Montague TX.csv,TEXAS,MONTAGUE,delim,,
,TEXAS,MONTGOMERY,special,"no IDs, but organized sequentially",
data/raw/Texas/Nacogdoches/Nov 2020 CVRs,TEXAS,NACOGDOCHES,xml,,
data/raw/Texas/Navarro/Navarro TX 11.3.20 CVR.xlsx,TEXAS,NAVARRO,delim,,
data/raw/Texas/Oldham/cvr.csv,TEXAS,OLDHAM,delim,,
data/raw/Texas/Orange/General Cast Vote Record Export 11.03.2020.xlsx,TEXAS,ORANGE,delim,,
data/raw/Texas/Parker,TEXAS,PARKER,xml,,
data/raw/Texas/Parmer/TX Parmer 2020 General CVR Export.xlsx,TEXAS,PARMER,delim,,
data/raw/Texas/Polk,TEXAS,POLK,xml,,
data/raw/Texas/Potter,TEXAS,POTTER,xml,,
data/raw/Texas/Scurry/CVR REPORT FROM ESS.xlsx,TEXAS,SCURRY,delim,,
data/raw/Texas/Smith/CVR with contests and candidates.xlsx,TEXAS,SMITH,delim,,
data/raw/Texas/Stephens/cvr for nov 2020.xlsx,TEXAS,STEPHENS,delim,,
data/raw/Texas/Taylor/November2020_CVRs,TEXAS,TAYLOR,xml,,
data/raw/Texas/Walker/Cast Vote Record NOV 2020.xlsx,TEXAS,WALKER,delim,,
data/raw/Texas/Ward/Nov 2020 CVRs,TEXAS,WARD,xml,,
data/raw/Texas/Wharton/TX Wharton 2020 General Cast Vote Record Export.xlsx,TEXAS,WHARTON,delim,,
data/raw/Texas/Williamson/WilliamsonCVR.csv,TEXAS,WILLIAMSON,delim,,
data/raw/Utah/San Juan/CVR 2020.csv,UTAH,SAN JUAN,delim,,
data/raw/West Virginia/Nicholas/Nicholas WV.csv,WEST VIRGINIA,NICHOLAS,delim,,
data/raw/West Virginia/Wood/Wood County 2020 CVR.csv,WEST VIRGINIA,WOOD,delim,,
data/raw/Wisconsin/Brown/CVR.csv,WISCONSIN,BROWN,delim,,
data/raw/Wisconsin/Calumet/Calumet County CVR Report.csv,WISCONSIN,CALUMET,delim,,
data/raw/Wisconsin/Dane/dane.csv,WISCONSIN,DANE,delim,,
data/raw/Wisconsin/Eu Claire/Sue McDonald - CastVoteRecord11032020_EC_ORR.xlsx,WISCONSIN,EAU CLAIRE,delim,,
data/raw/Wisconsin/Jefferson/cvr.csv,WISCONSIN,JEFFERSON,delim,,
data/raw/Wisconsin/Kenosha/cvr.csv,WISCONSIN,KENOSHA,delim,,
data/raw/Wisconsin/Outgamie/cvr.csv,WISCONSIN,OUTAGAMIE,delim,,
data/raw/Wisconsin/Pierce/cvr.csv,WISCONSIN,PIERCE,delim,,
data/raw/Wisconsin/Sauk/cvr.csv,WISCONSIN,SAUK,delim,,
data/raw/Wisconsin/Sheboygan/cvr.csv,WISCONSIN,SHEBOYGAN,delim,,
data/raw/Wisconsin/St Croix/cvr.csv,WISCONSIN,ST CROIX,delim,,
data/raw/Wisconsin/Waukesha/cvr.csv,WISCONSIN,WAUKESHA,delim,,
data/raw/Wisconsin/Wood/Wood County Export Cast Vote Records.xlsx,WISCONSIN,WOOD,delim,,