st,state,county_name,county_fips
AL,Alabama,AUTAUGA,1001
AL,Alabama,BALDWIN,1003
AL,Alabama,BARBOUR,1005
AL,Alabama,BIBB,1007
AL,Alabama,BLOUNT,1009
AL,Alabama,BULLOCK,1011
AL,Alabama,BUTLER,1013
AL,Alabama,CALHOUN,1015
AL,Alabama,CHAMBERS,1017
AL,Alabama,CHEROKEE,1019
AL,Alabama,CHILTON,1021
AL,Alabama,CHOCTAW,1023
AL,Alabama,CLARKE,1025
AL,Alabama,CLAY,1027
AL,Alabama,CLEBURNE,1029
AL,Alabama,COFFEE,1031
AL,Alabama,COLBERT,1033
AL,Alabama,CONECUH,1035
AL,Alabama,COOSA,1037
AL,Alabama,COVINGTON,1039
AL,Alabama,CRENSHAW,1041
AL,Alabama,CULLMAN,1043
AL,Alabama,DALE,1045
AL,Alabama,DALLAS,1047
AL,Alabama,DEKALB,1049
AL,Alabama,ELMORE,1051
AL,Alabama,ESCAMBIA,1053
AL,Alabama,ETOWAH,1055
AL,Alabama,FAYETTE,1057
AL,Alabama,FRANKLIN,1059
AL,Alabama,GENEVA,1061
AL,Alabama,GREENE,1063
AL,Alabama,HALE,1065
AL,Alabama,HENRY,1067
AL,Alabama,HOUSTON,1069
AL,Alabama,JACKSON,1071
AL,Alabama,JEFFERSON,1073
AL,Alabama,LAMAR,1075
AL,Alabama,LAUDERDALE,1077
AL,Alabama,LAWRENCE,1079
AL,Alabama,LEE,1081
AL,Alabama,LIMESTONE,1083
AL,Alabama,LOWNDES,1085
AL,Alabama,MACON,1087
AL,Alabama,MADISON,1089
AL,Alabama,MARENGO,1091
AL,Alabama,MARION,1093
AL,Alabama,MARSHALL,1095
AL,Alabama,MOBILE,1097
AL,Alabama,MONROE,1099
AL,Alabama,MONTGOMERY,1101
AL,Alabama,MORGAN,1103
AL,Alabama,PERRY,1105
AL,Alabama,PICKENS,1107
AL,Alabama,PIKE,1109
AL,Alabama,RANDOLPH,1111
AL,Alabama,RUSSELL,1113
AL,Alabama,ST. CLAIR,1115
AL,Alabama,SHELBY,1117
AL,Alabama,SUMTER,1119
AL,Alabama,TALLADEGA,1121
AL,Alabama,TALLAPOOSA,1123
AL,Alabama,TUSCALOOSA,1125
AL,Alabama,WALKER,1127
AL,Alabama,WASHINGTON,1129
AL,Alabama,WILCOX,1131
AL,Alabama,WINSTON,1133
AK,Alaska,DISTRICT 1,2001
AK,Alaska,DISTRICT 2,2002
AK,Alaska,DISTRICT 3,2003
AK,Alaska,DISTRICT 4,2004
AK,Alaska,DISTRICT 5,2005
AK,Alaska,DISTRICT 6,2006
AK,Alaska,DISTRICT 7,2007
AK,Alaska,DISTRICT 8,2008
AK,Alaska,DISTRICT 9,2009
AK,Alaska,DISTRICT 10,2010
AK,Alaska,DISTRICT 11,2011
AK,Alaska,DISTRICT 12,2012
AK,Alaska,DISTRICT 13,2013
AK,Alaska,DISTRICT 14,2014
AK,Alaska,DISTRICT 15,2015
AK,Alaska,DISTRICT 16,2016
AK,Alaska,DISTRICT 17,2017
AK,Alaska,DISTRICT 18,2018
AK,Alaska,DISTRICT 19,2019
AK,Alaska,DISTRICT 20,2020
AK,Alaska,DISTRICT 21,2021
AK,Alaska,DISTRICT 22,2022
AK,Alaska,DISTRICT 23,2023
AK,Alaska,DISTRICT 24,2024
AK,Alaska,DISTRICT 25,2025
AK,Alaska,DISTRICT 26,2026
AK,Alaska,DISTRICT 27,2027
AK,Alaska,DISTRICT 28,2028
AK,Alaska,DISTRICT 29,2029
AK,Alaska,DISTRICT 30,2030
AK,Alaska,DISTRICT 31,2031
AK,Alaska,DISTRICT 32,2032
AK,Alaska,DISTRICT 33,2033
AK,Alaska,DISTRICT 34,2034
AK,Alaska,DISTRICT 35,2035
AK,Alaska,DISTRICT 36,2036
AK,Alaska,DISTRICT 37,2037
AK,Alaska,DISTRICT 38,2038
AK,Alaska,DISTRICT 39,2039
AK,Alaska,DISTRICT 40,2040
AK,Alaska,DISTRICT 99,2099
AZ,Arizona,APACHE,4001
AZ,Arizona,COCHISE,4003
AZ,Arizona,COCONINO,4005
AZ,Arizona,GILA,4007
AZ,Arizona,GRAHAM,4009
AZ,Arizona,GREENLEE,4011
AZ,Arizona,LA PAZ,4012
AZ,Arizona,MARICOPA,4013
AZ,Arizona,MOHAVE,4015
AZ,Arizona,NAVAJO,4017
AZ,Arizona,PIMA,4019
AZ,Arizona,PINAL,4021
AZ,Arizona,SANTA CRUZ,4023
AZ,Arizona,YAVAPAI,4025
AZ,Arizona,YUMA,4027
AR,Arkansas,ARKANSAS,5001
AR,Arkansas,ASHLEY,5003
AR,Arkansas,BAXTER,5005
AR,Arkansas,BENTON,5007
AR,Arkansas,BOONE,5009
AR,Arkansas,BRADLEY,5011
AR,Arkansas,CALHOUN,5013
AR,Arkansas,CARROLL,5015
AR,Arkansas,CHICOT,5017
AR,Arkansas,CLARK,5019
AR,Arkansas,CLAY,5021
AR,Arkansas,CLEBURNE,5023
AR,Arkansas,CLEVELAND,5025
AR,Arkansas,COLUMBIA,5027
AR,Arkansas,CONWAY,5029
AR,Arkansas,CRAIGHEAD,5031
AR,Arkansas,CRAWFORD,5033
AR,Arkansas,CRITTENDEN,5035
AR,Arkansas,CROSS,5037
AR,Arkansas,DALLAS,5039
AR,Arkansas,DESHA,5041
AR,Arkansas,DREW,5043
AR,Arkansas,FAULKNER,5045
AR,Arkansas,FRANKLIN,5047
AR,Arkansas,FULTON,5049
AR,Arkansas,GARLAND,5051
AR,Arkansas,GRANT,5053
AR,Arkansas,GREENE,5055
AR,Arkansas,HEMPSTEAD,5057
AR,Arkansas,HOT SPRING,5059
AR,Arkansas,HOWARD,5061
AR,Arkansas,INDEPENDENCE,5063
AR,Arkansas,IZARD,5065
AR,Arkansas,JACKSON,5067
AR,Arkansas,JEFFERSON,5069
AR,Arkansas,JOHNSON,5071
AR,Arkansas,LAFAYETTE,5073
AR,Arkansas,LAWRENCE,5075
AR,Arkansas,LEE,5077
AR,Arkansas,LINCOLN,5079
AR,Arkansas,LITTLE RIVER,5081
AR,Arkansas,LOGAN,5083
AR,Arkansas,LONOKE,5085
AR,Arkansas,MADISON,5087
AR,Arkansas,MARION,5089
AR,Arkansas,MILLER,5091
AR,Arkansas,MISSISSIPPI,5093
AR,Arkansas,MONROE,5095
AR,Arkansas,MONTGOMERY,5097
AR,Arkansas,NEVADA,5099
AR,Arkansas,NEWTON,5101
AR,Arkansas,OUACHITA,5103
AR,Arkansas,PERRY,5105
AR,Arkansas,PHILLIPS,5107
AR,Arkansas,PIKE,5109
AR,Arkansas,POINSETT,5111
AR,Arkansas,POLK,5113
AR,Arkansas,POPE,5115
AR,Arkansas,PRAIRIE,5117
AR,Arkansas,PULASKI,5119
AR,Arkansas,RANDOLPH,5121
AR,Arkansas,ST. FRANCIS,5123
AR,Arkansas,SALINE,5125
AR,Arkansas,SCOTT,5127
AR,Arkansas,SEARCY,5129
AR,Arkansas,SEBASTIAN,5131
AR,Arkansas,SEVIER,5133
AR,Arkansas,SHARP,5135
AR,Arkansas,STONE,5137
AR,Arkansas,UNION,5139
AR,Arkansas,VAN BUREN,5141
AR,Arkansas,WASHINGTON,5143
AR,Arkansas,WHITE,5145
AR,Arkansas,WOODRUFF,5147
AR,Arkansas,YELL,5149
CA,California,ALAMEDA,6001
CA,California,ALPINE,6003
CA,California,AMADOR,6005
CA,California,BUTTE,6007
CA,California,CALAVERAS,6009
CA,California,COLUSA,6011
CA,California,CONTRA COSTA,6013
CA,California,DEL NORTE,6015
CA,California,EL DORADO,6017
CA,California,FRESNO,6019
CA,California,GLENN,6021
CA,California,HUMBOLDT,6023
CA,California,IMPERIAL,6025
CA,California,INYO,6027
CA,California,KERN,6029
CA,California,KINGS,6031
CA,California,LAKE,6033
CA,California,LASSEN,6035
CA,California,LOS ANGELES,6037
CA,California,MADERA,6039
CA,California,MARIN,6041
CA,California,MARIPOSA,6043
CA,California,MENDOCINO,6045
CA,California,MERCED,6047
CA,California,MODOC,6049
CA,California,MONO,6051
CA,California,MONTEREY,6053
CA,California,NAPA,6055
CA,California,NEVADA,6057
CA,California,ORANGE,6059
CA,California,PLACER,6061
CA,California,PLUMAS,6063
CA,California,RIVERSIDE,6065
CA,California,SACRAMENTO,6067
CA,California,SAN BENITO,6069
CA,California,SAN BERNARDINO,6071
CA,California,SAN DIEGO,6073
CA,California,SAN FRANCISCO,6075
CA,California,SAN JOAQUIN,6077
CA,California,SAN LUIS OBISPO,6079
CA,California,SAN MATEO,6081
CA,California,SANTA BARBARA,6083
CA,California,SANTA CLARA,6085
CA,California,SANTA CRUZ,6087
CA,California,SHASTA,6089
CA,California,SIERRA,6091
CA,California,SISKIYOU,6093
CA,California,SOLANO,6095
CA,California,SONOMA,6097
CA,California,STANISLAUS,6099
CA,California,SUTTER,6101
CA,California,TEHAMA,6103
CA,California,TRINITY,6105
CA,California,TULARE,6107
CA,California,TUOLUMNE,6109
CA,California,VENTURA,6111
CA,California,YOLO,6113
CA,California,YUBA,6115
CO,Colorado,ADAMS,8001
CO,Colorado,ALAMOSA,8003
CO,Colorado,ARAPAHOE,8005
CO,Colorado,ARCHULETA,8007
CO,Colorado,BACA,8009
CO,Colorado,BENT,8011
CO,Colorado,BOULDER,8013
CO,Colorado,BROOMFIELD,8014
CO,Colorado,CHAFFEE,8015
CO,Colorado,CHEYENNE,8017
CO,Colorado,CLEAR CREEK,8019
CO,Colorado,CONEJOS,8021
CO,Colorado,COSTILLA,8023
CO,Colorado,CROWLEY,8025
CO,Colorado,CUSTER,8027
CO,Colorado,DELTA,8029
CO,Colorado,DENVER,8031
CO,Colorado,DOLORES,8033
CO,Colorado,DOUGLAS,8035
CO,Colorado,EAGLE,8037
CO,Colorado,ELBERT,8039
CO,Colorado,EL PASO,8041
CO,Colorado,FREMONT,8043
CO,Colorado,GARFIELD,8045
CO,Colorado,GILPIN,8047
CO,Colorado,GRAND,8049
CO,Colorado,GUNNISON,8051
CO,Colorado,HINSDALE,8053
CO,Colorado,HUERFANO,8055
CO,Colorado,JACKSON,8057
CO,Colorado,JEFFERSON,8059
CO,Colorado,KIOWA,8061
CO,Colorado,KIT CARSON,8063
CO,Colorado,LAKE,8065
CO,Colorado,LA PLATA,8067
CO,Colorado,LARIMER,8069
CO,Colorado,LAS ANIMAS,8071
CO,Colorado,LINCOLN,8073
CO,Colorado,LOGAN,8075
CO,Colorado,MESA,8077
CO,Colorado,MINERAL,8079
CO,Colorado,MOFFAT,8081
CO,Colorado,MONTEZUMA,8083
CO,Colorado,MONTROSE,8085
CO,Colorado,MORGAN,8087
CO,Colorado,OTERO,8089
CO,Colorado,OURAY,8091
CO,Colorado,PARK,8093
CO,Colorado,PHILLIPS,8095
CO,Colorado,PITKIN,8097
CO,Colorado,PROWERS,8099
CO,Colorado,PUEBLO,8101
CO,Colorado,RIO BLANCO,8103
CO,Colorado,RIO GRANDE,8105
CO,Colorado,ROUTT,8107
CO,Colorado,SAGUACHE,8109
CO,Colorado,SAN JUAN,8111
CO,Colorado,SAN MIGUEL,8113
CO,Colorado,SEDGWICK,8115
CO,Colorado,SUMMIT,8117
CO,Colorado,TELLER,8119
CO,Colorado,WASHINGTON,8121
CO,Colorado,WELD,8123
CO,Colorado,YUMA,8125
CT,Connecticut,FAIRFIELD,9001
CT,Connecticut,HARTFORD,9003
CT,Connecticut,LITCHFIELD,9005
CT,Connecticut,MIDDLESEX,9007
CT,Connecticut,NEW HAVEN,9009
CT,Connecticut,NEW LONDON,9011
CT,Connecticut,TOLLAND,9013
CT,Connecticut,WINDHAM,9015
DE,Delaware,KENT,10001
DE,Delaware,NEW CASTLE,10003
DE,Delaware,SUSSEX,10005
FL,Florida,ALACHUA,12001
FL,Florida,BAKER,12003
FL,Florida,BAY,12005
FL,Florida,BRADFORD,12007
FL,Florida,BREVARD,12009
FL,Florida,BROWARD,12011
FL,Florida,CALHOUN,12013
FL,Florida,CHARLOTTE,12015
FL,Florida,CITRUS,12017
FL,Florida,CLAY,12019
FL,Florida,COLLIER,12021
FL,Florida,COLUMBIA,12023
FL,Florida,DESOTO,12027
FL,Florida,DIXIE,12029
FL,Florida,DUVAL,12031
FL,Florida,ESCAMBIA,12033
FL,Florida,FLAGLER,12035
FL,Florida,FRANKLIN,12037
FL,Florida,GADSDEN,12039
FL,Florida,GILCHRIST,12041
FL,Florida,GLADES,12043
FL,Florida,GULF,12045
FL,Florida,HAMILTON,12047
FL,Florida,HARDEE,12049
FL,Florida,HENDRY,12051
FL,Florida,HERNANDO,12053
FL,Florida,HIGHLANDS,12055
FL,Florida,HILLSBOROUGH,12057
FL,Florida,HOLMES,12059
FL,Florida,INDIAN RIVER,12061
FL,Florida,JACKSON,12063
FL,Florida,JEFFERSON,12065
FL,Florida,LAFAYETTE,12067
FL,Florida,LAKE,12069
FL,Florida,LEE,12071
FL,Florida,LEON,12073
FL,Florida,LEVY,12075
FL,Florida,LIBERTY,12077
FL,Florida,MADISON,12079
FL,Florida,MANATEE,12081
FL,Florida,MARION,12083
FL,Florida,MARTIN,12085
FL,Florida,MIAMI-DADE,12086
FL,Florida,MONROE,12087
FL,Florida,NASSAU,12089
FL,Florida,OKALOOSA,12091
FL,Florida,OKEECHOBEE,12093
FL,Florida,ORANGE,12095
FL,Florida,OSCEOLA,12097
FL,Florida,PALM BEACH,12099
FL,Florida,PASCO,12101
FL,Florida,PINELLAS,12103
FL,Florida,POLK,12105
FL,Florida,PUTNAM,12107
FL,Florida,ST. JOHNS,12109
FL,Florida,ST. LUCIE,12111
FL,Florida,SANTA ROSA,12113
FL,Florida,SARASOTA,12115
FL,Florida,SEMINOLE,12117
FL,Florida,SUMTER,12119
FL,Florida,SUWANNEE,12121
FL,Florida,TAYLOR,12123
FL,Florida,UNION,12125
FL,Florida,VOLUSIA,12127
FL,Florida,WAKULLA,12129
FL,Florida,WALTON,12131
FL,Florida,WASHINGTON,12133
GA,Georgia,APPLING,13001
GA,Georgia,ATKINSON,13003
GA,Georgia,BACON,13005
GA,Georgia,BAKER,13007
GA,Georgia,BALDWIN,13009
GA,Georgia,BANKS,13011
GA,Georgia,BARROW,13013
GA,Georgia,BARTOW,13015
GA,Georgia,BEN HILL,13017
GA,Georgia,BERRIEN,13019
GA,Georgia,BIBB,13021
GA,Georgia,BLECKLEY,13023
GA,Georgia,BRANTLEY,13025
GA,Georgia,BROOKS,13027
GA,Georgia,BRYAN,13029
GA,Georgia,BULLOCH,13031
GA,Georgia,BURKE,13033
GA,Georgia,BUTTS,13035
GA,Georgia,CALHOUN,13037
GA,Georgia,CAMDEN,13039
GA,Georgia,CANDLER,13043
GA,Georgia,CARROLL,13045
GA,Georgia,CATOOSA,13047
GA,Georgia,CHARLTON,13049
GA,Georgia,CHATHAM,13051
GA,Georgia,CHATTAHOOCHEE,13053
GA,Georgia,CHATTOOGA,13055
GA,Georgia,CHEROKEE,13057
GA,Georgia,CLARKE,13059
GA,Georgia,CLAY,13061
GA,Georgia,CLAYTON,13063
GA,Georgia,CLINCH,13065
GA,Georgia,COBB,13067
GA,Georgia,COFFEE,13069
GA,Georgia,COLQUITT,13071
GA,Georgia,COLUMBIA,13073
GA,Georgia,COOK,13075
GA,Georgia,COWETA,13077
GA,Georgia,CRAWFORD,13079
GA,Georgia,CRISP,13081
GA,Georgia,DADE,13083
GA,Georgia,DAWSON,13085
GA,Georgia,DECATUR,13087
GA,Georgia,DEKALB,13089
GA,Georgia,DODGE,13091
GA,Georgia,DOOLY,13093
GA,Georgia,DOUGHERTY,13095
GA,Georgia,DOUGLAS,13097
GA,Georgia,EARLY,13099
GA,Georgia,ECHOLS,13101
GA,Georgia,EFFINGHAM,13103
GA,Georgia,ELBERT,13105
GA,Georgia,EMANUEL,13107
GA,Georgia,EVANS,13109
GA,Georgia,FANNIN,13111
GA,Georgia,FAYETTE,13113
GA,Georgia,FLOYD,13115
GA,Georgia,FORSYTH,13117
GA,Georgia,FRANKLIN,13119
GA,Georgia,FULTON,13121
GA,Georgia,GILMER,13123
GA,Georgia,GLASCOCK,13125
GA,Georgia,GLYNN,13127
GA,Georgia,GORDON,13129
GA,Georgia,GRADY,13131
GA,Georgia,GREENE,13133
GA,Georgia,GWINNETT,13135
GA,Georgia,HABERSHAM,13137
GA,Georgia,HALL,13139
GA,Georgia,HANCOCK,13141
GA,Georgia,HARALSON,13143
GA,Georgia,HARRIS,13145
GA,Georgia,HART,13147
GA,Georgia,HEARD,13149
GA,Georgia,HENRY,13151
GA,Georgia,HOUSTON,13153
GA,Georgia,IRWIN,13155
GA,Georgia,JACKSON,13157
GA,Georgia,JASPER,13159
GA,Georgia,JEFF DAVIS,13161
GA,Georgia,JEFFERSON,13163
GA,Georgia,JENKINS,13165
GA,Georgia,JOHNSON,13167
GA,Georgia,JONES,13169
GA,Georgia,LAMAR,13171
GA,Georgia,LANIER,13173
GA,Georgia,LAURENS,13175
GA,Georgia,LEE,13177
GA,Georgia,LIBERTY,13179
GA,Georgia,LINCOLN,13181
GA,Georgia,LONG,13183
GA,Georgia,LOWNDES,13185
GA,Georgia,LUMPKIN,13187
GA,Georgia,MCDUFFIE,13189
GA,Georgia,MCINTOSH,13191
GA,Georgia,MACON,13193
GA,Georgia,MADISON,13195
GA,Georgia,MARION,13197
GA,Georgia,MERIWETHER,13199
GA,Georgia,MILLER,13201
GA,Georgia,MITCHELL,13205
GA,Georgia,MONROE,13207
GA,Georgia,MONTGOMERY,13209
GA,Georgia,MORGAN,13211
GA,Georgia,MURRAY,13213
GA,Georgia,MUSCOGEE,13215
GA,Georgia,NEWTON,13217
GA,Georgia,OCONEE,13219
GA,Georgia,OGLETHORPE,13221
GA,Georgia,PAULDING,13223
GA,Georgia,PEACH,13225
GA,Georgia,PICKENS,13227
GA,Georgia,PIERCE,13229
GA,Georgia,PIKE,13231
GA,Georgia,POLK,13233
GA,Georgia,PULASKI,13235
GA,Georgia,PUTNAM,13237
GA,Georgia,QUITMAN,13239
GA,Georgia,RABUN,13241
GA,Georgia,RANDOLPH,13243
GA,Georgia,RICHMOND,13245
GA,Georgia,ROCKDALE,13247
GA,Georgia,SCHLEY,13249
GA,Georgia,SCREVEN,13251
GA,Georgia,SEMINOLE,13253
GA,Georgia,SPALDING,13255
GA,Georgia,STEPHENS,13257
GA,Georgia,STEWART,13259
GA,Georgia,SUMTER,13261
GA,Georgia,TALBOT,13263
GA,Georgia,TALIAFERRO,13265
GA,Georgia,TATTNALL,13267
GA,Georgia,TAYLOR,13269
GA,Georgia,TELFAIR,13271
GA,Georgia,TERRELL,13273
GA,Georgia,THOMAS,13275
GA,Georgia,TIFT,13277
GA,Georgia,TOOMBS,13279
GA,Georgia,TOWNS,13281
GA,Georgia,TREUTLEN,13283
GA,Georgia,TROUP,13285
GA,Georgia,TURNER,13287
GA,Georgia,TWIGGS,13289
GA,Georgia,UNION,13291
GA,Georgia,UPSON,13293
GA,Georgia,WALKER,13295
GA,Georgia,WALTON,13297
GA,Georgia,WARE,13299
GA,Georgia,WARREN,13301
GA,Georgia,WASHINGTON,13303
GA,Georgia,WAYNE,13305
GA,Georgia,WEBSTER,13307
GA,Georgia,WHEELER,13309
GA,Georgia,WHITE,13311
GA,Georgia,WHITFIELD,13313
GA,Georgia,WILCOX,13315
GA,Georgia,WILKES,13317
GA,Georgia,WILKINSON,13319
GA,Georgia,WORTH,13321
HI,Hawaii,HAWAII,15001
HI,Hawaii,HONOLULU,15003
HI,Hawaii,KAUAI,15007
HI,Hawaii,MAUI,15009
ID,Idaho,ADA,16001
ID,Idaho,ADAMS,16003
ID,Idaho,BANNOCK,16005
ID,Idaho,BEAR LAKE,16007
ID,Idaho,BENEWAH,16009
ID,Idaho,BINGHAM,16011
ID,Idaho,BLAINE,16013
ID,Idaho,BOISE,16015
ID,Idaho,BONNER,16017
ID,Idaho,BONNEVILLE,16019
ID,Idaho,BOUNDARY,16021
ID,Idaho,BUTTE,16023
ID,Idaho,CAMAS,16025
ID,Idaho,CANYON,16027
ID,Idaho,CARIBOU,16029
ID,Idaho,CASSIA,16031
ID,Idaho,CLARK,16033
ID,Idaho,CLEARWATER,16035
ID,Idaho,CUSTER,16037
ID,Idaho,ELMORE,16039
ID,Idaho,FRANKLIN,16041
ID,Idaho,FREMONT,16043
ID,Idaho,GEM,16045
ID,Idaho,GOODING,16047
ID,Idaho,IDAHO,16049
ID,Idaho,JEFFERSON,16051
ID,Idaho,JEROME,16053
ID,Idaho,KOOTENAI,16055
ID,Idaho,LATAH,16057
ID,Idaho,LEMHI,16059
ID,Idaho,LEWIS,16061
ID,Idaho,LINCOLN,16063
ID,Idaho,MADISON,16065
ID,Idaho,MINIDOKA,16067
ID,Idaho,NEZ PERCE,16069
ID,Idaho,ONEIDA,16071
ID,Idaho,OWYHEE,16073
ID,Idaho,PAYETTE,16075
ID,Idaho,POWER,16077
ID,Idaho,SHOSHONE,16079
ID,Idaho,TETON,16081
ID,Idaho,TWIN FALLS,16083
ID,Idaho,VALLEY,16085
ID,Idaho,WASHINGTON,16087
IL,Illinois,ADAMS,17001
IL,Illinois,ALEXANDER,17003
IL,Illinois,BOND,17005
IL,Illinois,BOONE,17007
IL,Illinois,BROWN,17009
IL,Illinois,BUREAU,17011
IL,Illinois,CALHOUN,17013
IL,Illinois,CARROLL,17015
IL,Illinois,CASS,17017
IL,Illinois,CHAMPAIGN,17019
IL,Illinois,CHRISTIAN,17021
IL,Illinois,CLARK,17023
IL,Illinois,CLAY,17025
IL,Illinois,CLINTON,17027
IL,Illinois,COLES,17029
IL,Illinois,COOK,17031
IL,Illinois,CRAWFORD,17033
IL,Illinois,CUMBERLAND,17035
IL,Illinois,DEKALB,17037
IL,Illinois,DE WITT,17039
IL,Illinois,DOUGLAS,17041
IL,Illinois,DUPAGE,17043
IL,Illinois,EDGAR,17045
IL,Illinois,EDWARDS,17047
IL,Illinois,EFFINGHAM,17049
IL,Illinois,FAYETTE,17051
IL,Illinois,FORD,17053
IL,Illinois,FRANKLIN,17055
IL,Illinois,FULTON,17057
IL,Illinois,GALLATIN,17059
IL,Illinois,GREENE,17061
IL,Illinois,GRUNDY,17063
IL,Illinois,HAMILTON,17065
IL,Illinois,HANCOCK,17067
IL,Illinois,HARDIN,17069
IL,Illinois,HENDERSON,17071
IL,Illinois,HENRY,17073
IL,Illinois,IROQUOIS,17075
IL,Illinois,JACKSON,17077
IL,Illinois,JASPER,17079
IL,Illinois,JEFFERSON,17081
IL,Illinois,JERSEY,17083
IL,Illinois,JO DAVIESS,17085
IL,Illinois,JOHNSON,17087
IL,Illinois,KANE,17089
IL,Illinois,KANKAKEE,17091
IL,Illinois,KENDALL,17093
IL,Illinois,KNOX,17095
IL,Illinois,LAKE,17097
IL,Illinois,LASALLE,17099
IL,Illinois,LAWRENCE,17101
IL,Illinois,LEE,17103
IL,Illinois,LIVINGSTON,17105
IL,Illinois,LOGAN,17107
IL,Illinois,MCDONOUGH,17109
IL,Illinois,MCHENRY,17111
IL,Illinois,MCLEAN,17113
IL,Illinois,MACON,17115
IL,Illinois,MACOUPIN,17117
IL,Illinois,MADISON,17119
IL,Illinois,MARION,17121
IL,Illinois,MARSHALL,17123
IL,Illinois,MASON,17125
IL,Illinois,MASSAC,17127
IL,Illinois,MENARD,17129
IL,Illinois,MERCER,17131
IL,Illinois,MONROE,17133
IL,Illinois,MONTGOMERY,17135
IL,Illinois,MORGAN,17137
IL,Illinois,MOULTRIE,17139
IL,Illinois,OGLE,17141
IL,Illinois,PEORIA,17143
IL,Illinois,PERRY,17145
IL,Illinois,PIATT,17147
IL,Illinois,PIKE,17149
IL,Illinois,POPE,17151
IL,Illinois,PULASKI,17153
IL,Illinois,PUTNAM,17155
IL,Illinois,RANDOLPH,17157
IL,Illinois,RICHLAND,17159
IL,Illinois,ROCK ISLAND,17161
IL,Illinois,ST. CLAIR,17163
IL,Illinois,SALINE,17165
IL,Illinois,SANGAMON,17167
IL,Illinois,SCHUYLER,17169
IL,Illinois,SCOTT,17171
IL,Illinois,SHELBY,17173
IL,Illinois,STARK,17175
IL,Illinois,STEPHENSON,17177
IL,Illinois,TAZEWELL,17179
IL,Illinois,UNION,17181
IL,Illinois,VERMILION,17183
IL,Illinois,WABASH,17185
IL,Illinois,WARREN,17187
IL,Illinois,WASHINGTON,17189
IL,Illinois,WAYNE,17191
IL,Illinois,WHITE,17193
IL,Illinois,WHITESIDE,17195
IL,Illinois,WILL,17197
IL,Illinois,WILLIAMSON,17199
IL,Illinois,WINNEBAGO,17201
IL,Illinois,WOODFORD,17203
IN,Indiana,ADAMS,18001
IN,Indiana,ALLEN,18003
IN,Indiana,BARTHOLOMEW,18005
IN,Indiana,BENTON,18007
IN,Indiana,BLACKFORD,18009
IN,Indiana,BOONE,18011
IN,Indiana,BROWN,18013
IN,Indiana,CARROLL,18015
IN,Indiana,CASS,18017
IN,Indiana,CLARK,18019
IN,Indiana,CLAY,18021
IN,Indiana,CLINTON,18023
IN,Indiana,CRAWFORD,18025
IN,Indiana,DAVIESS,18027
IN,Indiana,DEARBORN,18029
IN,Indiana,DECATUR,18031
IN,Indiana,DEKALB,18033
IN,Indiana,DELAWARE,18035
IN,Indiana,DUBOIS,18037
IN,Indiana,ELKHART,18039
IN,Indiana,FAYETTE,18041
IN,Indiana,FLOYD,18043
IN,Indiana,FOUNTAIN,18045
IN,Indiana,FRANKLIN,18047
IN,Indiana,FULTON,18049
IN,Indiana,GIBSON,18051
IN,Indiana,GRANT,18053
IN,Indiana,GREENE,18055
IN,Indiana,HAMILTON,18057
IN,Indiana,HANCOCK,18059
IN,Indiana,HARRISON,18061
IN,Indiana,HENDRICKS,18063
IN,Indiana,HENRY,18065
IN,Indiana,HOWARD,18067
IN,Indiana,HUNTINGTON,18069
IN,Indiana,JACKSON,18071
IN,Indiana,JASPER,18073
IN,Indiana,JAY,18075
IN,Indiana,JEFFERSON,18077
IN,Indiana,JENNINGS,18079
IN,Indiana,JOHNSON,18081
IN,Indiana,KNOX,18083
IN,Indiana,KOSCIUSKO,18085
IN,Indiana,LAGRANGE,18087
IN,Indiana,LAKE,18089
IN,Indiana,LAPORTE,18091
IN,Indiana,LAWRENCE,18093
IN,Indiana,MADISON,18095
IN,Indiana,MARION,18097
IN,Indiana,MARSHALL,18099
IN,Indiana,MARTIN,18101
IN,Indiana,MIAMI,18103
IN,Indiana,MONROE,18105
IN,Indiana,MONTGOMERY,18107
IN,Indiana,MORGAN,18109
IN,Indiana,NEWTON,18111
IN,Indiana,NOBLE,18113
IN,Indiana,OHIO,18115
IN,Indiana,ORANGE,18117
IN,Indiana,OWEN,18119
IN,Indiana,PARKE,18121
IN,Indiana,PERRY,18123
IN,Indiana,PIKE,18125
IN,Indiana,PORTER,18127
IN,Indiana,POSEY,18129
IN,Indiana,PULASKI,18131
IN,Indiana,PUTNAM,18133
IN,Indiana,RANDOLPH,18135
IN,Indiana,RIPLEY,18137
IN,Indiana,RUSH,18139
IN,Indiana,ST JOSEPH,18141
IN,Indiana,SCOTT,18143
IN,Indiana,SHELBY,18145
IN,Indiana,SPENCER,18147
IN,Indiana,STARKE,18149
IN,Indiana,STEUBEN,18151
IN,Indiana,SULLIVAN,18153
IN,Indiana,SWITZERLAND,18155
IN,Indiana,TIPPECANOE,18157
IN,Indiana,TIPTON,18159
IN,Indiana,UNION,18161
IN,Indiana,VANDERBURGH,18163
IN,Indiana,VERMILLION,18165
IN,Indiana,VIGO,18167
IN,Indiana,WABASH,18169
IN,Indiana,WARREN,18171
IN,Indiana,WARRICK,18173
IN,Indiana,WASHINGTON,18175
IN,Indiana,WAYNE,18177
IN,Indiana,WELLS,18179
IN,Indiana,WHITE,18181
IN,Indiana,WHITLEY,18183
IA,Iowa,ADAIR,19001
IA,Iowa,ADAMS,19003
IA,Iowa,ALLAMAKEE,19005
IA,Iowa,APPANOOSE,19007
IA,Iowa,AUDUBON,19009
IA,Iowa,BENTON,19011
IA,Iowa,BLACK HAWK,19013
IA,Iowa,BOONE,19015
IA,Iowa,BREMER,19017
IA,Iowa,BUCHANAN,19019
IA,Iowa,BUENA VISTA,19021
IA,Iowa,BUTLER,19023
IA,Iowa,CALHOUN,19025
IA,Iowa,CARROLL,19027
IA,Iowa,CASS,19029
IA,Iowa,CEDAR,19031
IA,Iowa,CERRO GORDO,19033
IA,Iowa,CHEROKEE,19035
IA,Iowa,CHICKASAW,19037
IA,Iowa,CLARKE,19039
IA,Iowa,CLAY,19041
IA,Iowa,CLAYTON,19043
IA,Iowa,CLINTON,19045
IA,Iowa,CRAWFORD,19047
IA,Iowa,DALLAS,19049
IA,Iowa,DAVIS,19051
IA,Iowa,DECATUR,19053
IA,Iowa,DELAWARE,19055
IA,Iowa,DES MOINES,19057
IA,Iowa,DICKINSON,19059
IA,Iowa,DUBUQUE,19061
IA,Iowa,EMMET,19063
IA,Iowa,FAYETTE,19065
IA,Iowa,FLOYD,19067
IA,Iowa,FRANKLIN,19069
IA,Iowa,FREMONT,19071
IA,Iowa,GREENE,19073
IA,Iowa,GRUNDY,19075
IA,Iowa,GUTHRIE,19077
IA,Iowa,HAMILTON,19079
IA,Iowa,HANCOCK,19081
IA,Iowa,HARDIN,19083
IA,Iowa,HARRISON,19085
IA,Iowa,HENRY,19087
IA,Iowa,HOWARD,19089
IA,Iowa,HUMBOLDT,19091
IA,Iowa,IDA,19093
IA,Iowa,IOWA,19095
IA,Iowa,JACKSON,19097
IA,Iowa,JASPER,19099
IA,Iowa,JEFFERSON,19101
IA,Iowa,JOHNSON,19103
IA,Iowa,JONES,19105
IA,Iowa,KEOKUK,19107
IA,Iowa,KOSSUTH,19109
IA,Iowa,LEE,19111
IA,Iowa,LINN,19113
IA,Iowa,LOUISA,19115
IA,Iowa,LUCAS,19117
IA,Iowa,LYON,19119
IA,Iowa,MADISON,19121
IA,Iowa,MAHASKA,19123
IA,Iowa,MARION,19125
IA,Iowa,MARSHALL,19127
IA,Iowa,MILLS,19129
IA,Iowa,MITCHELL,19131
IA,Iowa,MONONA,19133
IA,Iowa,MONROE,19135
IA,Iowa,MONTGOMERY,19137
IA,Iowa,MUSCATINE,19139
IA,Iowa,O'BRIEN,19141
IA,Iowa,OSCEOLA,19143
IA,Iowa,PAGE,19145
IA,Iowa,PALO ALTO,19147
IA,Iowa,PLYMOUTH,19149
IA,Iowa,POCAHONTAS,19151
IA,Iowa,POLK,19153
IA,Iowa,POTTAWATTAMIE,19155
IA,Iowa,POWESHIEK,19157
IA,Iowa,RINGGOLD,19159
IA,Iowa,SAC,19161
IA,Iowa,SCOTT,19163
IA,Iowa,SHELBY,19165
IA,Iowa,SIOUX,19167
IA,Iowa,STORY,19169
IA,Iowa,TAMA,19171
IA,Iowa,TAYLOR,19173
IA,Iowa,UNION,19175
IA,Iowa,VAN BUREN,19177
IA,Iowa,WAPELLO,19179
IA,Iowa,WARREN,19181
IA,Iowa,WASHINGTON,19183
IA,Iowa,WAYNE,19185
IA,Iowa,WEBSTER,19187
IA,Iowa,WINNEBAGO,19189
IA,Iowa,WINNESHIEK,19191
IA,Iowa,WOODBURY,19193
IA,Iowa,WORTH,19195
IA,Iowa,WRIGHT,19197
KS,Kansas,ALLEN,20001
KS,Kansas,ANDERSON,20003
KS,Kansas,ATCHISON,20005
KS,Kansas,BARBER,20007
KS,Kansas,BARTON,20009
KS,Kansas,BOURBON,20011
KS,Kansas,BROWN,20013
KS,Kansas,BUTLER,20015
KS,Kansas,CHASE,20017
KS,Kansas,CHAUTAUQUA,20019
KS,Kansas,CHEROKEE,20021
KS,Kansas,CHEYENNE,20023
KS,Kansas,CLARK,20025
KS,Kansas,CLAY,20027
KS,Kansas,CLOUD,20029
KS,Kansas,COFFEY,20031
KS,Kansas,COMANCHE,20033
KS,Kansas,COWLEY,20035
KS,Kansas,CRAWFORD,20037
KS,Kansas,DECATUR,20039
KS,Kansas,DICKINSON,20041
KS,Kansas,DONIPHAN,20043
KS,Kansas,DOUGLAS,20045
KS,Kansas,EDWARDS,20047
KS,Kansas,ELK,20049
KS,Kansas,ELLIS,20051
KS,Kansas,ELLSWORTH,20053
KS,Kansas,FINNEY,20055
KS,Kansas,FORD,20057
KS,Kansas,FRANKLIN,20059
KS,Kansas,GEARY,20061
KS,Kansas,GOVE,20063
KS,Kansas,GRAHAM,20065
KS,Kansas,GRANT,20067
KS,Kansas,GRAY,20069
KS,Kansas,GREELEY,20071
KS,Kansas,GREENWOOD,20073
KS,Kansas,HAMILTON,20075
KS,Kansas,HARPER,20077
KS,Kansas,HARVEY,20079
KS,Kansas,HASKELL,20081
KS,Kansas,HODGEMAN,20083
KS,Kansas,JACKSON,20085
KS,Kansas,JEFFERSON,20087
KS,Kansas,JEWELL,20089
KS,Kansas,JOHNSON,20091
KS,Kansas,KEARNY,20093
KS,Kansas,KINGMAN,20095
KS,Kansas,KIOWA,20097
KS,Kansas,LABETTE,20099
KS,Kansas,LANE,20101
KS,Kansas,LEAVENWORTH,20103
KS,Kansas,LINCOLN,20105
KS,Kansas,LINN,20107
KS,Kansas,LOGAN,20109
KS,Kansas,LYON,20111
KS,Kansas,MCPHERSON,20113
KS,Kansas,MARION,20115
KS,Kansas,MARSHALL,20117
KS,Kansas,MEADE,20119
KS,Kansas,MIAMI,20121
KS,Kansas,MITCHELL,20123
KS,Kansas,MONTGOMERY,20125
KS,Kansas,MORRIS,20127
KS,Kansas,MORTON,20129
KS,Kansas,NEMAHA,20131
KS,Kansas,NEOSHO,20133
KS,Kansas,NESS,20135
KS,Kansas,NORTON,20137
KS,Kansas,OSAGE,20139
KS,Kansas,OSBORNE,20141
KS,Kansas,OTTAWA,20143
KS,Kansas,PAWNEE,20145
KS,Kansas,PHILLIPS,20147
KS,Kansas,POTTAWATOMIE,20149
KS,Kansas,PRATT,20151
KS,Kansas,RAWLINS,20153
KS,Kansas,RENO,20155
KS,Kansas,REPUBLIC,20157
KS,Kansas,RICE,20159
KS,Kansas,RILEY,20161
KS,Kansas,ROOKS,20163
KS,Kansas,RUSH,20165
KS,Kansas,RUSSELL,20167
KS,Kansas,SALINE,20169
KS,Kansas,SCOTT,20171
KS,Kansas,SEDGWICK,20173
KS,Kansas,SEWARD,20175
KS,Kansas,SHAWNEE,20177
KS,Kansas,SHERIDAN,20179
KS,Kansas,SHERMAN,20181
KS,Kansas,SMITH,20183
KS,Kansas,STAFFORD,20185
KS,Kansas,STANTON,20187
KS,Kansas,STEVENS,20189
KS,Kansas,SUMNER,20191
KS,Kansas,THOMAS,20193
KS,Kansas,TREGO,20195
KS,Kansas,WABAUNSEE,20197
KS,Kansas,WALLACE,20199
KS,Kansas,WASHINGTON,20201
KS,Kansas,WICHITA,20203
KS,Kansas,WILSON,20205
KS,Kansas,WOODSON,20207
KS,Kansas,WYANDOTTE,20209
KY,Kentucky,ADAIR,21001
KY,Kentucky,ALLEN,21003
KY,Kentucky,ANDERSON,21005
KY,Kentucky,BALLARD,21007
KY,Kentucky,BARREN,21009
KY,Kentucky,BATH,21011
KY,Kentucky,BELL,21013
KY,Kentucky,BOONE,21015
KY,Kentucky,BOURBON,21017
KY,Kentucky,BOYD,21019
KY,Kentucky,BOYLE,21021
KY,Kentucky,BRACKEN,21023
KY,Kentucky,BREATHITT,21025
KY,Kentucky,BRECKINRIDGE,21027
KY,Kentucky,BULLITT,21029
KY,Kentucky,BUTLER,21031
KY,Kentucky,CALDWELL,21033
KY,Kentucky,CALLOWAY,21035
KY,Kentucky,CAMPBELL,21037
KY,Kentucky,CARLISLE,21039
KY,Kentucky,CARROLL,21041
KY,Kentucky,CARTER,21043
KY,Kentucky,CASEY,21045
KY,Kentucky,CHRISTIAN,21047
KY,Kentucky,CLARK,21049
KY,Kentucky,CLAY,21051
KY,Kentucky,CLINTON,21053
KY,Kentucky,CRITTENDEN,21055
KY,Kentucky,CUMBERLAND,21057
KY,Kentucky,DAVIESS,21059
KY,Kentucky,EDMONSON,21061
KY,Kentucky,ELLIOTT,21063
KY,Kentucky,ESTILL,21065
KY,Kentucky,FAYETTE,21067
KY,Kentucky,FLEMING,21069
KY,Kentucky,FLOYD,21071
KY,Kentucky,FRANKLIN,21073
KY,Kentucky,FULTON,21075
KY,Kentucky,GALLATIN,21077
KY,Kentucky,GARRARD,21079
KY,Kentucky,GRANT,21081
KY,Kentucky,GRAVES,21083
KY,Kentucky,GRAYSON,21085
KY,Kentucky,GREEN,21087
KY,Kentucky,GREENUP,21089
KY,Kentucky,HANCOCK,21091
KY,Kentucky,HARDIN,21093
KY,Kentucky,HARLAN,21095
KY,Kentucky,HARRISON,21097
KY,Kentucky,HART,21099
KY,Kentucky,HENDERSON,21101
KY,Kentucky,HENRY,21103
KY,Kentucky,HICKMAN,21105
KY,Kentucky,HOPKINS,21107
KY,Kentucky,JACKSON,21109
KY,Kentucky,JEFFERSON,21111
KY,Kentucky,JESSAMINE,21113
KY,Kentucky,JOHNSON,21115
KY,Kentucky,KENTON,21117
KY,Kentucky,KNOTT,21119
KY,Kentucky,KNOX,21121
KY,Kentucky,LARUE,21123
KY,Kentucky,LAUREL,21125
KY,Kentucky,LAWRENCE,21127
KY,Kentucky,LEE,21129
KY,Kentucky,LESLIE,21131
KY,Kentucky,LETCHER,21133
KY,Kentucky,LEWIS,21135
KY,Kentucky,LINCOLN,21137
KY,Kentucky,LIVINGSTON,21139
KY,Kentucky,LOGAN,21141
KY,Kentucky,LYON,21143
KY,Kentucky,MCCRACKEN,21145
KY,Kentucky,MCCREARY,21147
KY,Kentucky,MCLEAN,21149
KY,Kentucky,MADISON,21151
KY,Kentucky,MAGOFFIN,21153
KY,Kentucky,MARION,21155
KY,Kentucky,MARSHALL,21157
KY,Kentucky,MARTIN,21159
KY,Kentucky,MASON,21161
KY,Kentucky,MEADE,21163
KY,Kentucky,MENIFEE,21165
KY,Kentucky,MERCER,21167
KY,Kentucky,METCALFE,21169
KY,Kentucky,MONROE,21171
KY,Kentucky,MONTGOMERY,21173
KY,Kentucky,MORGAN,21175
KY,Kentucky,MUHLENBERG,21177
KY,Kentucky,NELSON,21179
KY,Kentucky,NICHOLAS,21181
KY,Kentucky,OHIO,21183
KY,Kentucky,OLDHAM,21185
KY,Kentucky,OWEN,21187
KY,Kentucky,OWSLEY,21189
KY,Kentucky,PENDLETON,21191
KY,Kentucky,PERRY,21193
KY,Kentucky,PIKE,21195
KY,Kentucky,POWELL,21197
KY,Kentucky,PULASKI,21199
KY,Kentucky,ROBERTSON,21201
KY,Kentucky,ROCKCASTLE,21203
KY,Kentucky,ROWAN,21205
KY,Kentucky,RUSSELL,21207
KY,Kentucky,SCOTT,21209
KY,Kentucky,SHELBY,21211
KY,Kentucky,SIMPSON,21213
KY,Kentucky,SPENCER,21215
KY,Kentucky,TAYLOR,21217
KY,Kentucky,TODD,21219
KY,Kentucky,TRIGG,21221
KY,Kentucky,TRIMBLE,21223
KY,Kentucky,UNION,21225
KY,Kentucky,WARREN,21227
KY,Kentucky,WASHINGTON,21229
KY,Kentucky,WAYNE,21231
KY,Kentucky,WEBSTER,21233
KY,Kentucky,WHITLEY,21235
KY,Kentucky,WOLFE,21237
KY,Kentucky,WOODFORD,21239
LA,Louisiana,ACADIA,22001
LA,Louisiana,ALLEN,22003
LA,Louisiana,ASCENSION,22005
LA,Louisiana,ASSUMPTION,22007
LA,Louisiana,AVOYELLES,22009
LA,Louisiana,BEAUREGARD,22011
LA,Louisiana,BIENVILLE,22013
LA,Louisiana,BOSSIER,22015
LA,Louisiana,CADDO,22017
LA,Louisiana,CALCASIEU,22019
LA,Louisiana,CALDWELL,22021
LA,Louisiana,CAMERON,22023
LA,Louisiana,CATAHOULA,22025
LA,Louisiana,CLAIBORNE,22027
LA,Louisiana,CONCORDIA,22029
LA,Louisiana,DE SOTO,22031
LA,Louisiana,EAST BATON ROUGE,22033
LA,Louisiana,EAST CARROLL,22035
LA,Louisiana,EAST FELICIANA,22037
LA,Louisiana,EVANGELINE,22039
LA,Louisiana,FRANKLIN,22041
LA,Louisiana,GRANT,22043
LA,Louisiana,IBERIA,22045
LA,Louisiana,IBERVILLE,22047
LA,Louisiana,JACKSON,22049
LA,Louisiana,JEFFERSON,22051
LA,Louisiana,JEFFERSON DAVIS,22053
LA,Louisiana,LAFAYETTE,22055
LA,Louisiana,LAFOURCHE,22057
LA,Louisiana,LA SALLE,22059
LA,Louisiana,LINCOLN,22061
LA,Louisiana,LIVINGSTON,22063
LA,Louisiana,MADISON,22065
LA,Louisiana,MOREHOUSE,22067
LA,Louisiana,NATCHITOCHES,22069
LA,Louisiana,ORLEANS,22071
LA,Louisiana,OUACHITA,22073
LA,Louisiana,PLAQUEMINES,22075
LA,Louisiana,POINTE COUPEE,22077
LA,Louisiana,RAPIDES,22079
LA,Louisiana,RED RIVER,22081
LA,Louisiana,RICHLAND,22083
LA,Louisiana,SABINE,22085
LA,Louisiana,ST. BERNARD,22087
LA,Louisiana,ST. CHARLES,22089
LA,Louisiana,ST. HELENA,22091
LA,Louisiana,ST. JAMES,22093
LA,Louisiana,ST. JOHN THE BAPTIST,22095
LA,Louisiana,ST. LANDRY,22097
LA,Louisiana,ST. MARTIN,22099
LA,Louisiana,ST. MARY,22101
LA,Louisiana,ST. TAMMANY,22103
LA,Louisiana,TANGIPAHOA,22105
LA,Louisiana,TENSAS,22107
LA,Louisiana,TERREBONNE,22109
LA,Louisiana,UNION,22111
LA,Louisiana,VERMILION,22113
LA,Louisiana,VERNON,22115
LA,Louisiana,WASHINGTON,22117
LA,Louisiana,WEBSTER,22119
LA,Louisiana,WEST BATON ROUGE,22121
LA,Louisiana,WEST CARROLL,22123
LA,Louisiana,WEST FELICIANA,22125
LA,Louisiana,WINN,22127
ME,Maine,ANDROSCOGGIN,23001
ME,Maine,AROOSTOOK,23003
ME,Maine,CUMBERLAND,23005
ME,Maine,FRANKLIN,23007
ME,Maine,HANCOCK,23009
ME,Maine,KENNEBEC,23011
ME,Maine,KNOX,23013
ME,Maine,LINCOLN,23015
ME,Maine,OXFORD,23017
ME,Maine,PENOBSCOT,23019
ME,Maine,PISCATAQUIS,23021
ME,Maine,SAGADAHOC,23023
ME,Maine,SOMERSET,23025
ME,Maine,WALDO,23027
ME,Maine,WASHINGTON,23029
ME,Maine,YORK,23031
MD,Maryland,ALLEGANY,24001
MD,Maryland,ANNE ARUNDEL,24003
MD,Maryland,BALTIMORE,24005
MD,Maryland,CALVERT,24009
MD,Maryland,CAROLINE,24011
MD,Maryland,CARROLL,24013
MD,Maryland,CECIL,24015
MD,Maryland,CHARLES,24017
MD,Maryland,DORCHESTER,24019
MD,Maryland,FREDERICK,24021
MD,Maryland,GARRETT,24023
MD,Maryland,HARFORD,24025
MD,Maryland,HOWARD,24027
MD,Maryland,KENT,24029
MD,Maryland,MONTGOMERY,24031
MD,Maryland,PRINCE GEORGE'S,24033
MD,Maryland,QUEEN ANNE'S,24035
MD,Maryland,ST. MARY'S,24037
MD,Maryland,SOMERSET,24039
MD,Maryland,TALBOT,24041
MD,Maryland,WASHINGTON,24043
MD,Maryland,WICOMICO,24045
MD,Maryland,WORCESTER,24047
MD,Maryland,BALTIMORE CITY,24510
MA,Massachusetts,BARNSTABLE,25001
MA,Massachusetts,BERKSHIRE,25003
MA,Massachusetts,BRISTOL,25005
MA,Massachusetts,DUKES,25007
MA,Massachusetts,ESSEX,25009
MA,Massachusetts,FRANKLIN,25011
MA,Massachusetts,HAMPDEN,25013
MA,Massachusetts,HAMPSHIRE,25015
MA,Massachusetts,MIDDLESEX,25017
MA,Massachusetts,NANTUCKET,25019
MA,Massachusetts,NORFOLK,25021
MA,Massachusetts,PLYMOUTH,25023
MA,Massachusetts,SUFFOLK,25025
MA,Massachusetts,WORCESTER,25027
MI,Michigan,ALCONA,26001
MI,Michigan,ALGER,26003
MI,Michigan,ALLEGAN,26005
MI,Michigan,ALPENA,26007
MI,Michigan,ANTRIM,26009
MI,Michigan,ARENAC,26011
MI,Michigan,BARAGA,26013
MI,Michigan,BARRY,26015
MI,Michigan,BAY,26017
MI,Michigan,BENZIE,26019
MI,Michigan,BERRIEN,26021
MI,Michigan,BRANCH,26023
MI,Michigan,CALHOUN,26025
MI,Michigan,CASS,26027
MI,Michigan,CHARLEVOIX,26029
MI,Michigan,CHEBOYGAN,26031
MI,Michigan,CHIPPEWA,26033
MI,Michigan,CLARE,26035
MI,Michigan,CLINTON,26037
MI,Michigan,CRAWFORD,26039
MI,Michigan,DELTA,26041
MI,Michigan,DICKINSON,26043
MI,Michigan,EATON,26045
MI,Michigan,EMMET,26047
MI,Michigan,GENESEE,26049
MI,Michigan,GLADWIN,26051
MI,Michigan,GOGEBIC,26053
MI,Michigan,GRAND TRAVERSE,26055
MI,Michigan,GRATIOT,26057
MI,Michigan,HILLSDALE,26059
MI,Michigan,HOUGHTON,26061
MI,Michigan,HURON,26063
MI,Michigan,INGHAM,26065
MI,Michigan,IONIA,26067
MI,Michigan,IOSCO,26069
MI,Michigan,IRON,26071
MI,Michigan,ISABELLA,26073
MI,Michigan,JACKSON,26075
MI,Michigan,KALAMAZOO,26077
MI,Michigan,KALKASKA,26079
MI,Michigan,KENT,26081
MI,Michigan,KEWEENAW,26083
MI,Michigan,LAKE,26085
MI,Michigan,LAPEER,26087
MI,Michigan,LEELANAU,26089
MI,Michigan,LENAWEE,26091
MI,Michigan,LIVINGSTON,26093
MI,Michigan,LUCE,26095
MI,Michigan,MACKINAC,26097
MI,Michigan,MACOMB,26099
MI,Michigan,MANISTEE,26101
MI,Michigan,MARQUETTE,26103
MI,Michigan,MASON,26105
MI,Michigan,MECOSTA,26107
MI,Michigan,MENOMINEE,26109
MI,Michigan,MIDLAND,26111
MI,Michigan,MISSAUKEE,26113
MI,Michigan,MONROE,26115
MI,Michigan,MONTCALM,26117
MI,Michigan,MONTMORENCY,26119
MI,Michigan,MUSKEGON,26121
MI,Michigan,NEWAYGO,26123
MI,Michigan,OAKLAND,26125
MI,Michigan,OCEANA,26127
MI,Michigan,OGEMAW,26129
MI,Michigan,ONTONAGON,26131
MI,Michigan,OSCEOLA,26133
MI,Michigan,OSCODA,26135
MI,Michigan,OTSEGO,26137
MI,Michigan,OTTAWA,26139
MI,Michigan,PRESQUE ISLE,26141
MI,Michigan,ROSCOMMON,26143
MI,Michigan,SAGINAW,26145
MI,Michigan,ST. CLAIR,26147
MI,Michigan,ST. JOSEPH,26149
MI,Michigan,SANILAC,26151
MI,Michigan,SCHOOLCRAFT,26153
MI,Michigan,SHIAWASSEE,26155
MI,Michigan,TUSCOLA,26157
MI,Michigan,VAN BUREN,26159
MI,Michigan,WASHTENAW,26161
MI,Michigan,WAYNE,26163
MI,Michigan,WEXFORD,26165
MN,Minnesota,AITKIN,27001
MN,Minnesota,ANOKA,27003
MN,Minnesota,BECKER,27005
MN,Minnesota,BELTRAMI,27007
MN,Minnesota,BENTON,27009
MN,Minnesota,BIG STONE,27011
MN,Minnesota,BLUE EARTH,27013
MN,Minnesota,BROWN,27015
MN,Minnesota,CARLTON,27017
MN,Minnesota,CARVER,27019
MN,Minnesota,CASS,27021
MN,Minnesota,CHIPPEWA,27023
MN,Minnesota,CHISAGO,27025
MN,Minnesota,CLAY,27027
MN,Minnesota,CLEARWATER,27029
MN,Minnesota,COOK,27031
MN,Minnesota,COTTONWOOD,27033
MN,Minnesota,CROW WING,27035
MN,Minnesota,DAKOTA,27037
MN,Minnesota,DODGE,27039
MN,Minnesota,DOUGLAS,27041
MN,Minnesota,FARIBAULT,27043
MN,Minnesota,FILLMORE,27045
MN,Minnesota,FREEBORN,27047
MN,Minnesota,GOODHUE,27049
MN,Minnesota,GRANT,27051
MN,Minnesota,HENNEPIN,27053
MN,Minnesota,HOUSTON,27055
MN,Minnesota,HUBBARD,27057
MN,Minnesota,ISANTI,27059
MN,Minnesota,ITASCA,27061
MN,Minnesota,JACKSON,27063
MN,Minnesota,KANABEC,27065
MN,Minnesota,KANDIYOHI,27067
MN,Minnesota,KITTSON,27069
MN,Minnesota,KOOCHICHING,27071
MN,Minnesota,LAC QUI PARLE,27073
MN,Minnesota,LAKE,27075
MN,Minnesota,LAKE OF THE WOODS,27077
MN,Minnesota,LE SUEUR,27079
MN,Minnesota,LINCOLN,27081
MN,Minnesota,LYON,27083
MN,Minnesota,MCLEOD,27085
MN,Minnesota,MAHNOMEN,27087
MN,Minnesota,MARSHALL,27089
MN,Minnesota,MARTIN,27091
MN,Minnesota,MEEKER,27093
MN,Minnesota,MILLE LACS,27095
MN,Minnesota,MORRISON,27097
MN,Minnesota,MOWER,27099
MN,Minnesota,MURRAY,27101
MN,Minnesota,NICOLLET,27103
MN,Minnesota,NOBLES,27105
MN,Minnesota,NORMAN,27107
MN,Minnesota,OLMSTED,27109
MN,Minnesota,OTTER TAIL,27111
MN,Minnesota,PENNINGTON,27113
MN,Minnesota,PINE,27115
MN,Minnesota,PIPESTONE,27117
MN,Minnesota,POLK,27119
MN,Minnesota,POPE,27121
MN,Minnesota,RAMSEY,27123
MN,Minnesota,RED LAKE,27125
MN,Minnesota,REDWOOD,27127
MN,Minnesota,RENVILLE,27129
MN,Minnesota,RICE,27131
MN,Minnesota,ROCK,27133
MN,Minnesota,ROSEAU,27135
MN,Minnesota,SAINT LOUIS,27137
MN,Minnesota,SCOTT,27139
MN,Minnesota,SHERBURNE,27141
MN,Minnesota,SIBLEY,27143
MN,Minnesota,STEARNS,27145
MN,Minnesota,STEELE,27147
MN,Minnesota,STEVENS,27149
MN,Minnesota,SWIFT,27151
MN,Minnesota,TODD,27153
MN,Minnesota,TRAVERSE,27155
MN,Minnesota,WABASHA,27157
MN,Minnesota,WADENA,27159
MN,Minnesota,WASECA,27161
MN,Minnesota,WASHINGTON,27163
MN,Minnesota,WATONWAN,27165
MN,Minnesota,WILKIN,27167
MN,Minnesota,WINONA,27169
MN,Minnesota,WRIGHT,27171
MN,Minnesota,YELLOW MEDICINE,27173
MS,Mississippi,ADAMS,28001
MS,Mississippi,ALCORN,28003
MS,Mississippi,AMITE,28005
MS,Mississippi,ATTALA,28007
MS,Mississippi,BENTON,28009
MS,Mississippi,BOLIVAR,28011
MS,Mississippi,CALHOUN,28013
MS,Mississippi,CARROLL,28015
MS,Mississippi,CHICKASAW,28017
MS,Mississippi,CHOCTAW,28019
MS,Mississippi,CLAIBORNE,28021
MS,Mississippi,CLARKE,28023
MS,Mississippi,CLAY,28025
MS,Mississippi,COAHOMA,28027
MS,Mississippi,COPIAH,28029
MS,Mississippi,COVINGTON,28031
MS,Mississippi,DESOTO,28033
MS,Mississippi,FORREST,28035
MS,Mississippi,FRANKLIN,28037
MS,Mississippi,GEORGE,28039
MS,Mississippi,GREENE,28041
MS,Mississippi,GRENADA,28043
MS,Mississippi,HANCOCK,28045
MS,Mississippi,HARRISON,28047
MS,Mississippi,HINDS,28049
MS,Mississippi,HOLMES,28051
MS,Mississippi,HUMPHREYS,28053
MS,Mississippi,ISSAQUENA,28055
MS,Mississippi,ITAWAMBA,28057
MS,Mississippi,JACKSON,28059
MS,Mississippi,JASPER,28061
MS,Mississippi,JEFFERSON,28063
MS,Mississippi,JEFFERSON DAVIS,28065
MS,Mississippi,JONES,28067
MS,Mississippi,KEMPER,28069
MS,Mississippi,LAFAYETTE,28071
MS,Mississippi,LAMAR,28073
MS,Mississippi,LAUDERDALE,28075
MS,Mississippi,LAWRENCE,28077
MS,Mississippi,LEAKE,28079
MS,Mississippi,LEE,28081
MS,Mississippi,LEFLORE,28083
MS,Mississippi,LINCOLN,28085
MS,Mississippi,LOWNDES,28087
MS,Mississippi,MADISON,28089
MS,Mississippi,MARION,28091
MS,Mississippi,MARSHALL,28093
MS,Mississippi,MONROE,28095
MS,Mississippi,MONTGOMERY,28097
MS,Mississippi,NESHOBA,28099
MS,Mississippi,NEWTON,28101
MS,Mississippi,NOXUBEE,28103
MS,Mississippi,OKTIBBEHA,28105
MS,Mississippi,PANOLA,28107
MS,Mississippi,PEARL RIVER,28109
MS,Mississippi,PERRY,28111
MS,Mississippi,PIKE,28113
MS,Mississippi,PONTOTOC,28115
MS,Mississippi,PRENTISS,28117
MS,Mississippi,QUITMAN,28119
MS,Mississippi,RANKIN,28121
MS,Mississippi,SCOTT,28123
MS,Mississippi,SHARKEY,28125
MS,Mississippi,SIMPSON,28127
MS,Mississippi,SMITH,28129
MS,Mississippi,STONE,28131
MS,Mississippi,SUNFLOWER,28133
MS,Mississippi,TALLAHATCHIE,28135
MS,Mississippi,TATE,28137
MS,Mississippi,TIPPAH,28139
MS,Mississippi,TISHOMINGO,28141
MS,Mississippi,TUNICA,28143
MS,Mississippi,UNION,28145
MS,Mississippi,WALTHALL,28147
MS,Mississippi,WARREN,28149
MS,Mississippi,WASHINGTON,28151
MS,Mississippi,WAYNE,28153
MS,Mississippi,WEBSTER,28155
MS,Mississippi,WILKINSON,28157
MS,Mississippi,WINSTON,28159
MS,Mississippi,YALOBUSHA,28161
MS,Mississippi,YAZOO,28163
MO,Missouri,ADAIR,29001
MO,Missouri,ANDREW,29003
MO,Missouri,ATCHISON,29005
MO,Missouri,AUDRAIN,29007
MO,Missouri,BARRY,29009
MO,Missouri,BARTON,29011
MO,Missouri,BATES,29013
MO,Missouri,BENTON,29015
MO,Missouri,BOLLINGER,29017
MO,Missouri,BOONE,29019
MO,Missouri,BUCHANAN,29021
MO,Missouri,BUTLER,29023
MO,Missouri,CALDWELL,29025
MO,Missouri,CALLAWAY,29027
MO,Missouri,CAMDEN,29029
MO,Missouri,CAPE GIRARDEAU,29031
MO,Missouri,CARROLL,29033
MO,Missouri,CARTER,29035
MO,Missouri,CASS,29037
MO,Missouri,CEDAR,29039
MO,Missouri,CHARITON,29041
MO,Missouri,CHRISTIAN,29043
MO,Missouri,CLARK,29045
MO,Missouri,CLAY,29047
MO,Missouri,CLINTON,29049
MO,Missouri,COLE,29051
MO,Missouri,COOPER,29053
MO,Missouri,CRAWFORD,29055
MO,Missouri,DADE,29057
MO,Missouri,DALLAS,29059
MO,Missouri,DAVIESS,29061
MO,Missouri,DEKALB,29063
MO,Missouri,DENT,29065
MO,Missouri,DOUGLAS,29067
MO,Missouri,DUNKLIN,29069
MO,Missouri,FRANKLIN,29071
MO,Missouri,GASCONADE,29073
MO,Missouri,GENTRY,29075
MO,Missouri,GREENE,29077
MO,Missouri,GRUNDY,29079
MO,Missouri,HARRISON,29081
MO,Missouri,HENRY,29083
MO,Missouri,HICKORY,29085
MO,Missouri,HOLT,29087
MO,Missouri,HOWARD,29089
MO,Missouri,HOWELL,29091
MO,Missouri,IRON,29093
MO,Missouri,JACKSON,29095
MO,Missouri,JASPER,29097
MO,Missouri,JEFFERSON,29099
MO,Missouri,JOHNSON,29101
MO,Missouri,KNOX,29103
MO,Missouri,LACLEDE,29105
MO,Missouri,LAFAYETTE,29107
MO,Missouri,LAWRENCE,29109
MO,Missouri,LEWIS,29111
MO,Missouri,LINCOLN,29113
MO,Missouri,LINN,29115
MO,Missouri,LIVINGSTON,29117
MO,Missouri,MCDONALD,29119
MO,Missouri,MACON,29121
MO,Missouri,MADISON,29123
MO,Missouri,MARIES,29125
MO,Missouri,MARION,29127
MO,Missouri,MERCER,29129
MO,Missouri,MILLER,29131
MO,Missouri,MISSISSIPPI,29133
MO,Missouri,MONITEAU,29135
MO,Missouri,MONROE,29137
MO,Missouri,MONTGOMERY,29139
MO,Missouri,MORGAN,29141
MO,Missouri,NEW MADRID,29143
MO,Missouri,NEWTON,29145
MO,Missouri,NODAWAY,29147
MO,Missouri,OREGON,29149
MO,Missouri,OSAGE,29151
MO,Missouri,OZARK,29153
MO,Missouri,PEMISCOT,29155
MO,Missouri,PERRY,29157
MO,Missouri,PETTIS,29159
MO,Missouri,PHELPS,29161
MO,Missouri,PIKE,29163
MO,Missouri,PLATTE,29165
MO,Missouri,POLK,29167
MO,Missouri,PULASKI,29169
MO,Missouri,PUTNAM,29171
MO,Missouri,RALLS,29173
MO,Missouri,RANDOLPH,29175
MO,Missouri,RAY,29177
MO,Missouri,REYNOLDS,29179
MO,Missouri,RIPLEY,29181
MO,Missouri,ST. CHARLES,29183
MO,Missouri,ST. CLAIR,29185
MO,Missouri,STE. GENEVIEVE,29186
MO,Missouri,ST. FRANCOIS,29187
MO,Missouri,ST. LOUIS COUNTY,29189
MO,Missouri,SALINE,29195
MO,Missouri,SCHUYLER,29197
MO,Missouri,SCOTLAND,29199
MO,Missouri,SCOTT,29201
MO,Missouri,SHANNON,29203
MO,Missouri,SHELBY,29205
MO,Missouri,STODDARD,29207
MO,Missouri,STONE,29209
MO,Missouri,SULLIVAN,29211
MO,Missouri,TANEY,29213
MO,Missouri,TEXAS,29215
MO,Missouri,VERNON,29217
MO,Missouri,WARREN,29219
MO,Missouri,WASHINGTON,29221
MO,Missouri,WAYNE,29223
MO,Missouri,WEBSTER,29225
MO,Missouri,WORTH,29227
MO,Missouri,WRIGHT,29229
MO,Missouri,ST. LOUIS CITY,29510
MO,Missouri,KANSAS CITY,36000
MT,Montana,BEAVERHEAD,30001
MT,Montana,BIG HORN,30003
MT,Montana,BLAINE,30005
MT,Montana,BROADWATER,30007
MT,Montana,CARBON,30009
MT,Montana,CARTER,30011
MT,Montana,CASCADE,30013
MT,Montana,CHOUTEAU,30015
MT,Montana,CUSTER,30017
MT,Montana,DANIELS,30019
MT,Montana,DAWSON,30021
MT,Montana,DEER LODGE,30023
MT,Montana,FALLON,30025
MT,Montana,FERGUS,30027
MT,Montana,FLATHEAD,30029
MT,Montana,GALLATIN,30031
MT,Montana,GARFIELD,30033
MT,Montana,GLACIER,30035
MT,Montana,GOLDEN VALLEY,30037
MT,Montana,GRANITE,30039
MT,Montana,HILL,30041
MT,Montana,JEFFERSON,30043
MT,Montana,JUDITH BASIN,30045
MT,Montana,LAKE,30047
MT,Montana,LEWIS AND CLARK,30049
MT,Montana,LIBERTY,30051
MT,Montana,LINCOLN,30053
MT,Montana,MCCONE,30055
MT,Montana,MADISON,30057
MT,Montana,MEAGHER,30059
MT,Montana,MINERAL,30061
MT,Montana,MISSOULA,30063
MT,Montana,MUSSELSHELL,30065
MT,Montana,PARK,30067
MT,Montana,PETROLEUM,30069
MT,Montana,PHILLIPS,30071
MT,Montana,PONDERA,30073
MT,Montana,POWDER RIVER,30075
MT,Montana,POWELL,30077
MT,Montana,PRAIRIE,30079
MT,Montana,RAVALLI,30081
MT,Montana,RICHLAND,30083
MT,Montana,ROOSEVELT,30085
MT,Montana,ROSEBUD,30087
MT,Montana,SANDERS,30089
MT,Montana,SHERIDAN,30091
MT,Montana,SILVER BOW,30093
MT,Montana,STILLWATER,30095
MT,Montana,SWEET GRASS,30097
MT,Montana,TETON,30099
MT,Montana,TOOLE,30101
MT,Montana,TREASURE,30103
MT,Montana,VALLEY,30105
MT,Montana,WHEATLAND,30107
MT,Montana,WIBAUX,30109
MT,Montana,YELLOWSTONE,30111
NE,Nebraska,ADAMS,31001
NE,Nebraska,ANTELOPE,31003
NE,Nebraska,ARTHUR,31005
NE,Nebraska,BANNER,31007
NE,Nebraska,BLAINE,31009
NE,Nebraska,BOONE,31011
NE,Nebraska,BOX BUTTE,31013
NE,Nebraska,BOYD,31015
NE,Nebraska,BROWN,31017
NE,Nebraska,BUFFALO,31019
NE,Nebraska,BURT,31021
NE,Nebraska,BUTLER,31023
NE,Nebraska,CASS,31025
NE,Nebraska,CEDAR,31027
NE,Nebraska,CHASE,31029
NE,Nebraska,CHERRY,31031
NE,Nebraska,CHEYENNE,31033
NE,Nebraska,CLAY,31035
NE,Nebraska,COLFAX,31037
NE,Nebraska,CUMING,31039
NE,Nebraska,CUSTER,31041
NE,Nebraska,DAKOTA,31043
NE,Nebraska,DAWES,31045
NE,Nebraska,DAWSON,31047
NE,Nebraska,DEUEL,31049
NE,Nebraska,DIXON,31051
NE,Nebraska,DODGE,31053
NE,Nebraska,DOUGLAS,31055
NE,Nebraska,DUNDY,31057
NE,Nebraska,FILLMORE,31059
NE,Nebraska,FRANKLIN,31061
NE,Nebraska,FRONTIER,31063
NE,Nebraska,FURNAS,31065
NE,Nebraska,GAGE,31067
NE,Nebraska,GARDEN,31069
NE,Nebraska,GARFIELD,31071
NE,Nebraska,GOSPER,31073
NE,Nebraska,GRANT,31075
NE,Nebraska,GREELEY,31077
NE,Nebraska,HALL,31079
NE,Nebraska,HAMILTON,31081
NE,Nebraska,HARLAN,31083
NE,Nebraska,HAYES,31085
NE,Nebraska,HITCHCOCK,31087
NE,Nebraska,HOLT,31089
NE,Nebraska,HOOKER,31091
NE,Nebraska,HOWARD,31093
NE,Nebraska,JEFFERSON,31095
NE,Nebraska,JOHNSON,31097
NE,Nebraska,KEARNEY,31099
NE,Nebraska,KEITH,31101
NE,Nebraska,KEYA PAHA,31103
NE,Nebraska,KIMBALL,31105
NE,Nebraska,KNOX,31107
NE,Nebraska,LANCASTER,31109
NE,Nebraska,LINCOLN,31111
NE,Nebraska,LOGAN,31113
NE,Nebraska,LOUP,31115
NE,Nebraska,MCPHERSON,31117
NE,Nebraska,MADISON,31119
NE,Nebraska,MERRICK,31121
NE,Nebraska,MORRILL,31123
NE,Nebraska,NANCE,31125
NE,Nebraska,NEMAHA,31127
NE,Nebraska,NUCKOLLS,31129
NE,Nebraska,OTOE,31131
NE,Nebraska,PAWNEE,31133
NE,Nebraska,PERKINS,31135
NE,Nebraska,PHELPS,31137
NE,Nebraska,PIERCE,31139
NE,Nebraska,PLATTE,31141
NE,Nebraska,POLK,31143
NE,Nebraska,RED WILLOW,31145
NE,Nebraska,RICHARDSON,31147
NE,Nebraska,ROCK,31149
NE,Nebraska,SALINE,31151
NE,Nebraska,SARPY,31153
NE,Nebraska,SAUNDERS,31155
NE,Nebraska,SCOTTS BLUFF,31157
NE,Nebraska,SEWARD,31159
NE,Nebraska,SHERIDAN,31161
NE,Nebraska,SHERMAN,31163
NE,Nebraska,SIOUX,31165
NE,Nebraska,STANTON,31167
NE,Nebraska,THAYER,31169
NE,Nebraska,THOMAS,31171
NE,Nebraska,THURSTON,31173
NE,Nebraska,VALLEY,31175
NE,Nebraska,WASHINGTON,31177
NE,Nebraska,WAYNE,31179
NE,Nebraska,WEBSTER,31181
NE,Nebraska,WHEELER,31183
NE,Nebraska,YORK,31185
NV,Nevada,CHURCHILL,32001
NV,Nevada,CLARK,32003
NV,Nevada,DOUGLAS,32005
NV,Nevada,ELKO,32007
NV,Nevada,ESMERALDA,32009
NV,Nevada,EUREKA,32011
NV,Nevada,HUMBOLDT,32013
NV,Nevada,LANDER,32015
NV,Nevada,LINCOLN,32017
NV,Nevada,LYON,32019
NV,Nevada,MINERAL,32021
NV,Nevada,NYE,32023
NV,Nevada,PERSHING,32027
NV,Nevada,STOREY,32029
NV,Nevada,WASHOE,32031
NV,Nevada,WHITE PINE,32033
NV,Nevada,CARSON CITY,32510
NH,New Hampshire,BELKNAP,33001
NH,New Hampshire,CARROLL,33003
NH,New Hampshire,CHESHIRE,33005
NH,New Hampshire,COOS,33007
NH,New Hampshire,GRAFTON,33009
NH,New Hampshire,HILLSBOROUGH,33011
NH,New Hampshire,MERRIMACK,33013
NH,New Hampshire,ROCKINGHAM,33015
NH,New Hampshire,STRAFFORD,33017
NH,New Hampshire,SULLIVAN,33019
NJ,New Jersey,ATLANTIC,34001
NJ,New Jersey,BERGEN,34003
NJ,New Jersey,BURLINGTON,34005
NJ,New Jersey,CAMDEN,34007
NJ,New Jersey,CAPE MAY,34009
NJ,New Jersey,CUMBERLAND,34011
NJ,New Jersey,ESSEX,34013
NJ,New Jersey,GLOUCESTER,34015
NJ,New Jersey,HUDSON,34017
NJ,New Jersey,HUNTERDON,34019
NJ,New Jersey,MERCER,34021
NJ,New Jersey,MIDDLESEX,34023
NJ,New Jersey,MONMOUTH,34025
NJ,New Jersey,MORRIS,34027
NJ,New Jersey,OCEAN,34029
NJ,New Jersey,PASSAIC,34031
NJ,New Jersey,SALEM,34033
NJ,New Jersey,SOMERSET,34035
NJ,New Jersey,SUSSEX,34037
NJ,New Jersey,UNION,34039
NJ,New Jersey,WARREN,34041
NM,New Mexico,BERNALILLO,35001
NM,New Mexico,CATRON,35003
NM,New Mexico,CHAVES,35005
NM,New Mexico,CIBOLA,35006
NM,New Mexico,COLFAX,35007
NM,New Mexico,CURRY,35009
NM,New Mexico,DE BACA,35011
NM,New Mexico,DONA ANA,35013
NM,New Mexico,EDDY,35015
NM,New Mexico,GRANT,35017
NM,New Mexico,GUADALUPE,35019
NM,New Mexico,HARDING,35021
NM,New Mexico,HIDALGO,35023
NM,New Mexico,LEA,35025
NM,New Mexico,LINCOLN,35027
NM,New Mexico,LOS ALAMOS,35028
NM,New Mexico,LUNA,35029
NM,New Mexico,MCKINLEY,35031
NM,New Mexico,MORA,35033
NM,New Mexico,OTERO,35035
NM,New Mexico,QUAY,35037
NM,New Mexico,RIO ARRIBA,35039
NM,New Mexico,ROOSEVELT,35041
NM,New Mexico,SANDOVAL,35043
NM,New Mexico,SAN JUAN,35045
NM,New Mexico,SAN MIGUEL,35047
NM,New Mexico,SANTA FE,35049
NM,New Mexico,SIERRA,35051
NM,New Mexico,SOCORRO,35053
NM,New Mexico,TAOS,35055
NM,New Mexico,TORRANCE,35057
NM,New Mexico,UNION,35059
NM,New Mexico,VALENCIA,35061
NY,New York,ALBANY,36001
NY,New York,ALLEGANY,36003
NY,New York,BRONX,36005
NY,New York,BROOME,36007
NY,New York,CATTARAUGUS,36009
NY,New York,CAYUGA,36011
NY,New York,CHAUTAUQUA,36013
NY,New York,CHEMUNG,36015
NY,New York,CHENANGO,36017
NY,New York,CLINTON,36019
NY,New York,COLUMBIA,36021
NY,New York,CORTLAND,36023
NY,New York,DELAWARE,36025
NY,New York,DUTCHESS,36027
NY,New York,ERIE,36029
NY,New York,ESSEX,36031
NY,New York,FRANKLIN,36033
NY,New York,FULTON,36035
NY,New York,GENESEE,36037
NY,New York,GREENE,36039
NY,New York,HAMILTON,36041
NY,New York,HERKIMER,36043
NY,New York,JEFFERSON,36045
NY,New York,KINGS,36047
NY,New York,LEWIS,36049
NY,New York,LIVINGSTON,36051
NY,New York,MADISON,36053
NY,New York,MONROE,36055
NY,New York,MONTGOMERY,36057
NY,New York,NASSAU,36059
NY,New York,NEW YORK,36061
NY,New York,NIAGARA,36063
NY,New York,ONEIDA,36065
NY,New York,ONONDAGA,36067
NY,New York,ONTARIO,36069
NY,New York,ORANGE,36071
NY,New York,ORLEANS,36073
NY,New York,OSWEGO,36075
NY,New York,OTSEGO,36077
NY,New York,PUTNAM,36079
NY,New York,QUEENS,36081
NY,New York,RENSSELAER,36083
NY,New York,RICHMOND,36085
NY,New York,ROCKLAND,36087
NY,New York,ST. LAWRENCE,36089
NY,New York,SARATOGA,36091
NY,New York,SCHENECTADY,36093
NY,New York,SCHOHARIE,36095
NY,New York,SCHUYLER,36097
NY,New York,SENECA,36099
NY,New York,STEUBEN,36101
NY,New York,SUFFOLK,36103
NY,New York,SULLIVAN,36105
NY,New York,TIOGA,36107
NY,New York,TOMPKINS,36109
NY,New York,ULSTER,36111
NY,New York,WARREN,36113
NY,New York,WASHINGTON,36115
NY,New York,WAYNE,36117
NY,New York,WESTCHESTER,36119
NY,New York,WYOMING,36121
NY,New York,YATES,36123
NC,North Carolina,ALAMANCE,37001
NC,North Carolina,ALEXANDER,37003
NC,North Carolina,ALLEGHANY,37005
NC,North Carolina,ANSON,37007
NC,North Carolina,ASHE,37009
NC,North Carolina,AVERY,37011
NC,North Carolina,BEAUFORT,37013
NC,North Carolina,BERTIE,37015
NC,North Carolina,BLADEN,37017
NC,North Carolina,BRUNSWICK,37019
NC,North Carolina,BUNCOMBE,37021
NC,North Carolina,BURKE,37023
NC,North Carolina,CABARRUS,37025
NC,North Carolina,CALDWELL,37027
NC,North Carolina,CAMDEN,37029
NC,North Carolina,CARTERET,37031
NC,North Carolina,CASWELL,37033
NC,North Carolina,CATAWBA,37035
NC,North Carolina,CHATHAM,37037
NC,North Carolina,CHEROKEE,37039
NC,North Carolina,CHOWAN,37041
NC,North Carolina,CLAY,37043
NC,North Carolina,CLEVELAND,37045
NC,North Carolina,COLUMBUS,37047
NC,North Carolina,CRAVEN,37049
NC,North Carolina,CUMBERLAND,37051
NC,North Carolina,CURRITUCK,37053
NC,North Carolina,DARE,37055
NC,North Carolina,DAVIDSON,37057
NC,North Carolina,DAVIE,37059
NC,North Carolina,DUPLIN,37061
NC,North Carolina,DURHAM,37063
NC,North Carolina,EDGECOMBE,37065
NC,North Carolina,FORSYTH,37067
NC,North Carolina,FRANKLIN,37069
NC,North Carolina,GASTON,37071
NC,North Carolina,GATES,37073
NC,North Carolina,GRAHAM,37075
NC,North Carolina,GRANVILLE,37077
NC,North Carolina,GREENE,37079
NC,North Carolina,GUILFORD,37081
NC,North Carolina,HALIFAX,37083
NC,North Carolina,HARNETT,37085
NC,North Carolina,HAYWOOD,37087
NC,North Carolina,HENDERSON,37089
NC,North Carolina,HERTFORD,37091
NC,North Carolina,HOKE,37093
NC,North Carolina,HYDE,37095
NC,North Carolina,IREDELL,37097
NC,North Carolina,JACKSON,37099
NC,North Carolina,JOHNSTON,37101
NC,North Carolina,JONES,37103
NC,North Carolina,LEE,37105
NC,North Carolina,LENOIR,37107
NC,North Carolina,LINCOLN,37109
NC,North Carolina,MCDOWELL,37111
NC,North Carolina,MACON,37113
NC,North Carolina,MADISON,37115
NC,North Carolina,MARTIN,37117
NC,North Carolina,MECKLENBURG,37119
NC,North Carolina,MITCHELL,37121
NC,North Carolina,MONTGOMERY,37123
NC,North Carolina,MOORE,37125
NC,North Carolina,NASH,37127
NC,North Carolina,NEW HANOVER,37129
NC,North Carolina,NORTHAMPTON,37131
NC,North Carolina,ONSLOW,37133
NC,North Carolina,ORANGE,37135
NC,North Carolina,PAMLICO,37137
NC,North Carolina,PASQUOTANK,37139
NC,North Carolina,PENDER,37141
NC,North Carolina,PERQUIMANS,37143
NC,North Carolina,PERSON,37145
NC,North Carolina,PITT,37147
NC,North Carolina,POLK,37149
NC,North Carolina,RANDOLPH,37151
NC,North Carolina,RICHMOND,37153
NC,North Carolina,ROBESON,37155
NC,North Carolina,ROCKINGHAM,37157
NC,North Carolina,ROWAN,37159
NC,North Carolina,RUTHERFORD,37161
NC,North Carolina,SAMPSON,37163
NC,North Carolina,SCOTLAND,37165
NC,North Carolina,STANLY,37167
NC,North Carolina,STOKES,37169
NC,North Carolina,SURRY,37171
NC,North Carolina,SWAIN,37173
NC,North Carolina,TRANSYLVANIA,37175
NC,North Carolina,TYRRELL,37177
NC,North Carolina,UNION,37179
NC,North Carolina,VANCE,37181
NC,North Carolina,WAKE,37183
NC,North Carolina,WARREN,37185
NC,North Carolina,WASHINGTON,37187
NC,North Carolina,WATAUGA,37189
NC,North Carolina,WAYNE,37191
NC,North Carolina,WILKES,37193
NC,North Carolina,WILSON,37195
NC,North Carolina,YADKIN,37197
NC,North Carolina,YANCEY,37199
ND,North Dakota,ADAMS,38001
ND,North Dakota,BARNES,38003
ND,North Dakota,BENSON,38005
ND,North Dakota,BILLINGS,38007
ND,North Dakota,BOTTINEAU,38009
ND,North Dakota,BOWMAN,38011
ND,North Dakota,BURKE,38013
ND,North Dakota,BURLEIGH,38015
ND,North Dakota,CASS,38017
ND,North Dakota,CAVALIER,38019
ND,North Dakota,DICKEY,38021
ND,North Dakota,DIVIDE,38023
ND,North Dakota,DUNN,38025
ND,North Dakota,EDDY,38027
ND,North Dakota,EMMONS,38029
ND,North Dakota,FOSTER,38031
ND,North Dakota,GOLDEN VALLEY,38033
ND,North Dakota,GRAND FORKS,38035
ND,North Dakota,GRANT,38037
ND,North Dakota,GRIGGS,38039
ND,North Dakota,HETTINGER,38041
ND,North Dakota,KIDDER,38043
ND,North Dakota,LAMOURE,38045
ND,North Dakota,LOGAN,38047
ND,North Dakota,MCHENRY,38049
ND,North Dakota,MCINTOSH,38051
ND,North Dakota,MCKENZIE,38053
ND,North Dakota,MCLEAN,38055
ND,North Dakota,MERCER,38057
ND,North Dakota,MORTON,38059
ND,North Dakota,MOUNTRAIL,38061
ND,North Dakota,NELSON,38063
ND,North Dakota,OLIVER,38065
ND,North Dakota,PEMBINA,38067
ND,North Dakota,PIERCE,38069
ND,North Dakota,RAMSEY,38071
ND,North Dakota,RANSOM,38073
ND,North Dakota,RENVILLE,38075
ND,North Dakota,RICHLAND,38077
ND,North Dakota,ROLETTE,38079
ND,North Dakota,SARGENT,38081
ND,North Dakota,SHERIDAN,38083
ND,North Dakota,SIOUX,38085
ND,North Dakota,SLOPE,38087
ND,North Dakota,STARK,38089
ND,North Dakota,STEELE,38091
ND,North Dakota,STUTSMAN,38093
ND,North Dakota,TOWNER,38095
ND,North Dakota,TRAILL,38097
ND,North Dakota,WALSH,38099
ND,North Dakota,WARD,38101
ND,North Dakota,WELLS,38103
ND,North Dakota,WILLIAMS,38105
OH,Ohio,ADAMS,39001
OH,Ohio,ALLEN,39003
OH,Ohio,ASHLAND,39005
OH,Ohio,ASHTABULA,39007
OH,Ohio,ATHENS,39009
OH,Ohio,AUGLAIZE,39011
OH,Ohio,BELMONT,39013
OH,Ohio,BROWN,39015
OH,Ohio,BUTLER,39017
OH,Ohio,CARROLL,39019
OH,Ohio,CHAMPAIGN,39021
OH,Ohio,CLARK,39023
OH,Ohio,CLERMONT,39025
OH,Ohio,CLINTON,39027
OH,Ohio,COLUMBIANA,39029
OH,Ohio,COSHOCTON,39031
OH,Ohio,CRAWFORD,39033
OH,Ohio,CUYAHOGA,39035
OH,Ohio,DARKE,39037
OH,Ohio,DEFIANCE,39039
OH,Ohio,DELAWARE,39041
OH,Ohio,ERIE,39043
OH,Ohio,FAIRFIELD,39045
OH,Ohio,FAYETTE,39047
OH,Ohio,FRANKLIN,39049
OH,Ohio,FULTON,39051
OH,Ohio,GALLIA,39053
OH,Ohio,GEAUGA,39055
OH,Ohio,GREENE,39057
OH,Ohio,GUERNSEY,39059
OH,Ohio,HAMILTON,39061
OH,Ohio,HANCOCK,39063
OH,Ohio,HARDIN,39065
OH,Ohio,HARRISON,39067
OH,Ohio,HENRY,39069
OH,Ohio,HIGHLAND,39071
OH,Ohio,HOCKING,39073
OH,Ohio,HOLMES,39075
OH,Ohio,HURON,39077
OH,Ohio,JACKSON,39079
OH,Ohio,JEFFERSON,39081
OH,Ohio,KNOX,39083
OH,Ohio,LAKE,39085
OH,Ohio,LAWRENCE,39087
OH,Ohio,LICKING,39089
OH,Ohio,LOGAN,39091
OH,Ohio,LORAIN,39093
OH,Ohio,LUCAS,39095
OH,Ohio,MADISON,39097
OH,Ohio,MAHONING,39099
OH,Ohio,MARION,39101
OH,Ohio,MEDINA,39103
OH,Ohio,MEIGS,39105
OH,Ohio,MERCER,39107
OH,Ohio,MIAMI,39109
OH,Ohio,MONROE,39111
OH,Ohio,MONTGOMERY,39113
OH,Ohio,MORGAN,39115
OH,Ohio,MORROW,39117
OH,Ohio,MUSKINGUM,39119
OH,Ohio,NOBLE,39121
OH,Ohio,OTTAWA,39123
OH,Ohio,PAULDING,39125
OH,Ohio,PERRY,39127
OH,Ohio,PICKAWAY,39129
OH,Ohio,PIKE,39131
OH,Ohio,PORTAGE,39133
OH,Ohio,PREBLE,39135
OH,Ohio,PUTNAM,39137
OH,Ohio,RICHLAND,39139
OH,Ohio,ROSS,39141
OH,Ohio,SANDUSKY,39143
OH,Ohio,SCIOTO,39145
OH,Ohio,SENECA,39147
OH,Ohio,SHELBY,39149
OH,Ohio,STARK,39151
OH,Ohio,SUMMIT,39153
OH,Ohio,TRUMBULL,39155
OH,Ohio,TUSCARAWAS,39157
OH,Ohio,UNION,39159
OH,Ohio,VAN WERT,39161
OH,Ohio,VINTON,39163
OH,Ohio,WARREN,39165
OH,Ohio,WASHINGTON,39167
OH,Ohio,WAYNE,39169
OH,Ohio,WILLIAMS,39171
OH,Ohio,WOOD,39173
OH,Ohio,WYANDOT,39175
OK,Oklahoma,ADAIR,40001
OK,Oklahoma,ALFALFA,40003
OK,Oklahoma,ATOKA,40005
OK,Oklahoma,BEAVER,40007
OK,Oklahoma,BECKHAM,40009
OK,Oklahoma,BLAINE,40011
OK,Oklahoma,BRYAN,40013
OK,Oklahoma,CADDO,40015
OK,Oklahoma,CANADIAN,40017
OK,Oklahoma,CARTER,40019
OK,Oklahoma,CHEROKEE,40021
OK,Oklahoma,CHOCTAW,40023
OK,Oklahoma,CIMARRON,40025
OK,Oklahoma,CLEVELAND,40027
OK,Oklahoma,COAL,40029
OK,Oklahoma,COMANCHE,40031
OK,Oklahoma,COTTON,40033
OK,Oklahoma,CRAIG,40035
OK,Oklahoma,CREEK,40037
OK,Oklahoma,CUSTER,40039
OK,Oklahoma,DELAWARE,40041
OK,Oklahoma,DEWEY,40043
OK,Oklahoma,ELLIS,40045
OK,Oklahoma,GARFIELD,40047
OK,Oklahoma,GARVIN,40049
OK,Oklahoma,GRADY,40051
OK,Oklahoma,GRANT,40053
OK,Oklahoma,GREER,40055
OK,Oklahoma,HARMON,40057
OK,Oklahoma,HARPER,40059
OK,Oklahoma,HASKELL,40061
OK,Oklahoma,HUGHES,40063
OK,Oklahoma,JACKSON,40065
OK,Oklahoma,JEFFERSON,40067
OK,Oklahoma,JOHNSTON,40069
OK,Oklahoma,KAY,40071
OK,Oklahoma,KINGFISHER,40073
OK,Oklahoma,KIOWA,40075
OK,Oklahoma,LATIMER,40077
OK,Oklahoma,LE FLORE,40079
OK,Oklahoma,LINCOLN,40081
OK,Oklahoma,LOGAN,40083
OK,Oklahoma,LOVE,40085
OK,Oklahoma,MCCLAIN,40087
OK,Oklahoma,MCCURTAIN,40089
OK,Oklahoma,MCINTOSH,40091
OK,Oklahoma,MAJOR,40093
OK,Oklahoma,MARSHALL,40095
OK,Oklahoma,MAYES,40097
OK,Oklahoma,MURRAY,40099
OK,Oklahoma,MUSKOGEE,40101
OK,Oklahoma,NOBLE,40103
OK,Oklahoma,NOWATA,40105
OK,Oklahoma,OKFUSKEE,40107
OK,Oklahoma,OKLAHOMA,40109
OK,Oklahoma,OKMULGEE,40111
OK,Oklahoma,OSAGE,40113
OK,Oklahoma,OTTAWA,40115
OK,Oklahoma,PAWNEE,40117
OK,Oklahoma,PAYNE,40119
OK,Oklahoma,PITTSBURG,40121
OK,Oklahoma,PONTOTOC,40123
OK,Oklahoma,POTTAWATOMIE,40125
OK,Oklahoma,PUSHMATAHA,40127
OK,Oklahoma,ROGER MILLS,40129
OK,Oklahoma,ROGERS,40131
OK,Oklahoma,SEMINOLE,40133
OK,Oklahoma,SEQUOYAH,40135
OK,Oklahoma,STEPHENS,40137
OK,Oklahoma,TEXAS,40139
OK,Oklahoma,TILLMAN,40141
OK,Oklahoma,TULSA,40143
OK,Oklahoma,WAGONER,40145
OK,Oklahoma,WASHINGTON,40147
OK,Oklahoma,WASHITA,40149
OK,Oklahoma,WOODS,40151
OK,Oklahoma,WOODWARD,40153
OR,Oregon,BAKER,41001
OR,Oregon,BENTON,41003
OR,Oregon,CLACKAMAS,41005
OR,Oregon,CLATSOP,41007
OR,Oregon,COLUMBIA,41009
OR,Oregon,COOS,41011
OR,Oregon,CROOK,41013
OR,Oregon,CURRY,41015
OR,Oregon,DESCHUTES,41017
OR,Oregon,DOUGLAS,41019
OR,Oregon,GILLIAM,41021
OR,Oregon,GRANT,41023
OR,Oregon,HARNEY,41025
OR,Oregon,HOOD RIVER,41027
OR,Oregon,JACKSON,41029
OR,Oregon,JEFFERSON,41031
OR,Oregon,JOSEPHINE,41033
OR,Oregon,KLAMATH,41035
OR,Oregon,LAKE,41037
OR,Oregon,LANE,41039
OR,Oregon,LINCOLN,41041
OR,Oregon,LINN,41043
OR,Oregon,MALHEUR,41045
OR,Oregon,MARION,41047
OR,Oregon,MORROW,41049
OR,Oregon,MULTNOMAH,41051
OR,Oregon,POLK,41053
OR,Oregon,SHERMAN,41055
OR,Oregon,TILLAMOOK,41057
OR,Oregon,UMATILLA,41059
OR,Oregon,UNION,41061
OR,Oregon,WALLOWA,41063
OR,Oregon,WASCO,41065
OR,Oregon,WASHINGTON,41067
OR,Oregon,WHEELER,41069
OR,Oregon,YAMHILL,41071
PA,Pennsylvania,ADAMS,42001
PA,Pennsylvania,ALLEGHENY,42003
PA,Pennsylvania,ARMSTRONG,42005
PA,Pennsylvania,BEAVER,42007
PA,Pennsylvania,BEDFORD,42009
PA,Pennsylvania,BERKS,42011
PA,Pennsylvania,BLAIR,42013
PA,Pennsylvania,BRADFORD,42015
PA,Pennsylvania,BUCKS,42017
PA,Pennsylvania,BUTLER,42019
PA,Pennsylvania,CAMBRIA,42021
PA,Pennsylvania,CAMERON,42023
PA,Pennsylvania,CARBON,42025
PA,Pennsylvania,CENTRE,42027
PA,Pennsylvania,CHESTER,42029
PA,Pennsylvania,CLARION,42031
PA,Pennsylvania,CLEARFIELD,42033
PA,Pennsylvania,CLINTON,42035
PA,Pennsylvania,COLUMBIA,42037
PA,Pennsylvania,CRAWFORD,42039
PA,Pennsylvania,CUMBERLAND,42041
PA,Pennsylvania,DAUPHIN,42043
PA,Pennsylvania,DELAWARE,42045
PA,Pennsylvania,ELK,42047
PA,Pennsylvania,ERIE,42049
PA,Pennsylvania,FAYETTE,42051
PA,Pennsylvania,FOREST,42053
PA,Pennsylvania,FRANKLIN,42055
PA,Pennsylvania,FULTON,42057
PA,Pennsylvania,GREENE,42059
PA,Pennsylvania,HUNTINGDON,42061
PA,Pennsylvania,INDIANA,42063
PA,Pennsylvania,JEFFERSON,42065
PA,Pennsylvania,JUNIATA,42067
PA,Pennsylvania,LACKAWANNA,42069
PA,Pennsylvania,LANCASTER,42071
PA,Pennsylvania,LAWRENCE,42073
PA,Pennsylvania,LEBANON,42075
PA,Pennsylvania,LEHIGH,42077
PA,Pennsylvania,LUZERNE,42079
PA,Pennsylvania,LYCOMING,42081
PA,Pennsylvania,MCKEAN,42083
PA,Pennsylvania,MERCER,42085
PA,Pennsylvania,MIFFLIN,42087
PA,Pennsylvania,MONROE,42089
PA,Pennsylvania,MONTGOMERY,42091
PA,Pennsylvania,MONTOUR,42093
PA,Pennsylvania,NORTHAMPTON,42095
PA,Pennsylvania,NORTHUMBERLAND,42097
PA,Pennsylvania,PERRY,42099
PA,Pennsylvania,PHILADELPHIA,42101
PA,Pennsylvania,PIKE,42103
PA,Pennsylvania,POTTER,42105
PA,Pennsylvania,SCHUYLKILL,42107
PA,Pennsylvania,SNYDER,42109
PA,Pennsylvania,SOMERSET,42111
PA,Pennsylvania,SULLIVAN,42113
PA,Pennsylvania,SUSQUEHANNA,42115
PA,Pennsylvania,TIOGA,42117
PA,Pennsylvania,UNION,42119
PA,Pennsylvania,VENANGO,42121
PA,Pennsylvania,WARREN,42123
PA,Pennsylvania,WASHINGTON,42125
PA,Pennsylvania,WAYNE,42127
PA,Pennsylvania,WESTMORELAND,42129
PA,Pennsylvania,WYOMING,42131
PA,Pennsylvania,YORK,42133
RI,Rhode Island,BRISTOL,44001
RI,Rhode Island,KENT,44003
RI,Rhode Island,NEWPORT,44005
RI,Rhode Island,PROVIDENCE,44007
RI,Rhode Island,WASHINGTON,44009
SC,South Carolina,ABBEVILLE,45001
SC,South Carolina,AIKEN,45003
SC,South Carolina,ALLENDALE,45005
SC,South Carolina,ANDERSON,45007
SC,South Carolina,BAMBERG,45009
SC,South Carolina,BARNWELL,45011
SC,South Carolina,BEAUFORT,45013
SC,South Carolina,BERKELEY,45015
SC,South Carolina,CALHOUN,45017
SC,South Carolina,CHARLESTON,45019
SC,South Carolina,CHEROKEE,45021
SC,South Carolina,CHESTER,45023
SC,South Carolina,CHESTERFIELD,45025
SC,South Carolina,CLARENDON,45027
SC,South Carolina,COLLETON,45029
SC,South Carolina,DARLINGTON,45031
SC,South Carolina,DILLON,45033
SC,South Carolina,DORCHESTER,45035
SC,South Carolina,EDGEFIELD,45037
SC,South Carolina,FAIRFIELD,45039
SC,South Carolina,FLORENCE,45041
SC,South Carolina,GEORGETOWN,45043
SC,South Carolina,GREENVILLE,45045
SC,South Carolina,GREENWOOD,45047
SC,South Carolina,HAMPTON,45049
SC,South Carolina,HORRY,45051
SC,South Carolina,JASPER,45053
SC,South Carolina,KERSHAW,45055
SC,South Carolina,LANCASTER,45057
SC,South Carolina,LAURENS,45059
SC,South Carolina,LEE,45061
SC,South Carolina,LEXINGTON,45063
SC,South Carolina,MCCORMICK,45065
SC,South Carolina,MARION,45067
SC,South Carolina,MARLBORO,45069
SC,South Carolina,NEWBERRY,45071
SC,South Carolina,OCONEE,45073
SC,South Carolina,ORANGEBURG,45075
SC,South Carolina,PICKENS,45077
SC,South Carolina,RICHLAND,45079
SC,South Carolina,SALUDA,45081
SC,South Carolina,SPARTANBURG,45083
SC,South Carolina,SUMTER,45085
SC,South Carolina,UNION,45087
SC,South Carolina,WILLIAMSBURG,45089
SC,South Carolina,YORK,45091
SD,South Dakota,AURORA,46003
SD,South Dakota,BEADLE,46005
SD,South Dakota,BENNETT,46007
SD,South Dakota,BON HOMME,46009
SD,South Dakota,BROOKINGS,46011
SD,South Dakota,BROWN,46013
SD,South Dakota,BRULE,46015
SD,South Dakota,BUFFALO,46017
SD,South Dakota,BUTTE,46019
SD,South Dakota,CAMPBELL,46021
SD,South Dakota,CHARLES MIX,46023
SD,South Dakota,CLARK,46025
SD,South Dakota,CLAY,46027
SD,South Dakota,CODINGTON,46029
SD,South Dakota,CORSON,46031
SD,South Dakota,CUSTER,46033
SD,South Dakota,DAVISON,46035
SD,South Dakota,DAY,46037
SD,South Dakota,DEUEL,46039
SD,South Dakota,DEWEY,46041
SD,South Dakota,DOUGLAS,46043
SD,South Dakota,EDMUNDS,46045
SD,South Dakota,FALL RIVER,46047
SD,South Dakota,FAULK,46049
SD,South Dakota,GRANT,46051
SD,South Dakota,GREGORY,46053
SD,South Dakota,HAAKON,46055
SD,South Dakota,HAMLIN,46057
SD,South Dakota,HAND,46059
SD,South Dakota,HANSON,46061
SD,South Dakota,HARDING,46063
SD,South Dakota,HUGHES,46065
SD,South Dakota,HUTCHINSON,46067
SD,South Dakota,HYDE,46069
SD,South Dakota,JACKSON,46071
SD,South Dakota,JERAULD,46073
SD,South Dakota,JONES,46075
SD,South Dakota,KINGSBURY,46077
SD,South Dakota,LAKE,46079
SD,South Dakota,LAWRENCE,46081
SD,South Dakota,LINCOLN,46083
SD,South Dakota,LYMAN,46085
SD,South Dakota,MCCOOK,46087
SD,South Dakota,MCPHERSON,46089
SD,South Dakota,MARSHALL,46091
SD,South Dakota,MEADE,46093
SD,South Dakota,MELLETTE,46095
SD,South Dakota,MINER,46097
SD,South Dakota,MINNEHAHA,46099
SD,South Dakota,MOODY,46101
SD,South Dakota,PENNINGTON,46103
SD,South Dakota,PERKINS,46105
SD,South Dakota,POTTER,46107
SD,South Dakota,ROBERTS,46109
SD,South Dakota,SANBORN,46111
SD,South Dakota,OGLALA LAKOTA,46113
SD,South Dakota,SPINK,46115
SD,South Dakota,STANLEY,46117
SD,South Dakota,SULLY,46119
SD,South Dakota,TODD,46121
SD,South Dakota,TRIPP,46123
SD,South Dakota,TURNER,46125
SD,South Dakota,UNION,46127
SD,South Dakota,WALWORTH,46129
SD,South Dakota,YANKTON,46135
SD,South Dakota,ZIEBACH,46137
TN,Tennessee,ANDERSON,47001
TN,Tennessee,BEDFORD,47003
TN,Tennessee,BENTON,47005
TN,Tennessee,BLEDSOE,47007
TN,Tennessee,BLOUNT,47009
TN,Tennessee,BRADLEY,47011
TN,Tennessee,CAMPBELL,47013
TN,Tennessee,CANNON,47015
TN,Tennessee,CARROLL,47017
TN,Tennessee,CARTER,47019
TN,Tennessee,CHEATHAM,47021
TN,Tennessee,CHESTER,47023
TN,Tennessee,CLAIBORNE,47025
TN,Tennessee,CLAY,47027
TN,Tennessee,COCKE,47029
TN,Tennessee,COFFEE,47031
TN,Tennessee,CROCKETT,47033
TN,Tennessee,CUMBERLAND,47035
TN,Tennessee,DAVIDSON,47037
TN,Tennessee,DECATUR,47039
TN,Tennessee,DEKALB,47041
TN,Tennessee,DICKSON,47043
TN,Tennessee,DYER,47045
TN,Tennessee,FAYETTE,47047
TN,Tennessee,FENTRESS,47049
TN,Tennessee,FRANKLIN,47051
TN,Tennessee,GIBSON,47053
TN,Tennessee,GILES,47055
TN,Tennessee,GRAINGER,47057
TN,Tennessee,GREENE,47059
TN,Tennessee,GRUNDY,47061
TN,Tennessee,HAMBLEN,47063
TN,Tennessee,HAMILTON,47065
TN,Tennessee,HANCOCK,47067
TN,Tennessee,HARDEMAN,47069
TN,Tennessee,HARDIN,47071
TN,Tennessee,HAWKINS,47073
TN,Tennessee,HAYWOOD,47075
TN,Tennessee,HENDERSON,47077
TN,Tennessee,HENRY,47079
TN,Tennessee,HICKMAN,47081
TN,Tennessee,HOUSTON,47083
TN,Tennessee,HUMPHREYS,47085
TN,Tennessee,JACKSON,47087
TN,Tennessee,JEFFERSON,47089
TN,Tennessee,JOHNSON,47091
TN,Tennessee,KNOX,47093
TN,Tennessee,LAKE,47095
TN,Tennessee,LAUDERDALE,47097
TN,Tennessee,LAWRENCE,47099
TN,Tennessee,LEWIS,47101
TN,Tennessee,LINCOLN,47103
TN,Tennessee,LOUDON,47105
TN,Tennessee,MCMINN,47107
TN,Tennessee,MCNAIRY,47109
TN,Tennessee,MACON,47111
TN,Tennessee,MADISON,47113
TN,Tennessee,MARION,47115
TN,Tennessee,MARSHALL,47117
TN,Tennessee,MAURY,47119
TN,Tennessee,MEIGS,47121
TN,Tennessee,MONROE,47123
TN,Tennessee,MONTGOMERY,47125
TN,Tennessee,MOORE,47127
TN,Tennessee,MORGAN,47129
TN,Tennessee,OBION,47131
TN,Tennessee,OVERTON,47133
TN,Tennessee,PERRY,47135
TN,Tennessee,PICKETT,47137
TN,Tennessee,POLK,47139
TN,Tennessee,PUTNAM,47141
TN,Tennessee,RHEA,47143
TN,Tennessee,ROANE,47145
TN,Tennessee,ROBERTSON,47147
TN,Tennessee,RUTHERFORD,47149
TN,Tennessee,SCOTT,47151
TN,Tennessee,SEQUATCHIE,47153
TN,Tennessee,SEVIER,47155
TN,Tennessee,SHELBY,47157
TN,Tennessee,SMITH,47159
TN,Tennessee,STEWART,47161
TN,Tennessee,SULLIVAN,47163
TN,Tennessee,SUMNER,47165
TN,Tennessee,TIPTON,47167
TN,Tennessee,TROUSDALE,47169
TN,Tennessee,UNICOI,47171
TN,Tennessee,UNION,47173
TN,Tennessee,VAN BUREN,47175
TN,Tennessee,WARREN,47177
TN,Tennessee,WASHINGTON,47179
TN,Tennessee,WAYNE,47181
TN,Tennessee,WEAKLEY,47183
TN,Tennessee,WHITE,47185
TN,Tennessee,WILLIAMSON,47187
TN,Tennessee,WILSON,47189
TX,Texas,ANDERSON,48001
TX,Texas,ANDREWS,48003
TX,Texas,ANGELINA,48005
TX,Texas,ARANSAS,48007
TX,Texas,ARCHER,48009
TX,Texas,ARMSTRONG,48011
TX,Texas,ATASCOSA,48013
TX,Texas,AUSTIN,48015
TX,Texas,BAILEY,48017
TX,Texas,BANDERA,48019
TX,Texas,BASTROP,48021
TX,Texas,BAYLOR,48023
TX,Texas,BEE,48025
TX,Texas,BELL,48027
TX,Texas,BEXAR,48029
TX,Texas,BLANCO,48031
TX,Texas,BORDEN,48033
TX,Texas,BOSQUE,48035
TX,Texas,BOWIE,48037
TX,Texas,BRAZORIA,48039
TX,Texas,BRAZOS,48041
TX,Texas,BREWSTER,48043
TX,Texas,BRISCOE,48045
TX,Texas,BROOKS,48047
TX,Texas,BROWN,48049
TX,Texas,BURLESON,48051
TX,Texas,BURNET,48053
TX,Texas,CALDWELL,48055
TX,Texas,CALHOUN,48057
TX,Texas,CALLAHAN,48059
TX,Texas,CAMERON,48061
TX,Texas,CAMP,48063
TX,Texas,CARSON,48065
TX,Texas,CASS,48067
TX,Texas,CASTRO,48069
TX,Texas,CHAMBERS,48071
TX,Texas,CHEROKEE,48073
TX,Texas,CHILDRESS,48075
TX,Texas,CLAY,48077
TX,Texas,COCHRAN,48079
TX,Texas,COKE,48081
TX,Texas,COLEMAN,48083
TX,Texas,COLLIN,48085
TX,Texas,COLLINGSWORTH,48087
TX,Texas,COLORADO,48089
TX,Texas,COMAL,48091
TX,Texas,COMANCHE,48093
TX,Texas,CONCHO,48095
TX,Texas,COOKE,48097
TX,Texas,CORYELL,48099
TX,Texas,COTTLE,48101
TX,Texas,CRANE,48103
TX,Texas,CROCKETT,48105
TX,Texas,CROSBY,48107
TX,Texas,CULBERSON,48109
TX,Texas,DALLAM,48111
TX,Texas,DALLAS,48113
TX,Texas,DAWSON,48115
TX,Texas,DEAF SMITH,48117
TX,Texas,DELTA,48119
TX,Texas,DENTON,48121
TX,Texas,DEWITT,48123
TX,Texas,DICKENS,48125
TX,Texas,DIMMIT,48127
TX,Texas,DONLEY,48129
TX,Texas,DUVAL,48131
TX,Texas,EASTLAND,48133
TX,Texas,ECTOR,48135
TX,Texas,EDWARDS,48137
TX,Texas,ELLIS,48139
TX,Texas,EL PASO,48141
TX,Texas,ERATH,48143
TX,Texas,FALLS,48145
TX,Texas,FANNIN,48147
TX,Texas,FAYETTE,48149
TX,Texas,FISHER,48151
TX,Texas,FLOYD,48153
TX,Texas,FOARD,48155
TX,Texas,FORT BEND,48157
TX,Texas,FRANKLIN,48159
TX,Texas,FREESTONE,48161
TX,Texas,FRIO,48163
TX,Texas,GAINES,48165
TX,Texas,GALVESTON,48167
TX,Texas,GARZA,48169
TX,Texas,GILLESPIE,48171
TX,Texas,GLASSCOCK,48173
TX,Texas,GOLIAD,48175
TX,Texas,GONZALES,48177
TX,Texas,GRAY,48179
TX,Texas,GRAYSON,48181
TX,Texas,GREGG,48183
TX,Texas,GRIMES,48185
TX,Texas,GUADALUPE,48187
TX,Texas,HALE,48189
TX,Texas,HALL,48191
TX,Texas,HAMILTON,48193
TX,Texas,HANSFORD,48195
TX,Texas,HARDEMAN,48197
TX,Texas,HARDIN,48199
TX,Texas,HARRIS,48201
TX,Texas,HARRISON,48203
TX,Texas,HARTLEY,48205
TX,Texas,HASKELL,48207
TX,Texas,HAYS,48209
TX,Texas,HEMPHILL,48211
TX,Texas,HENDERSON,48213
TX,Texas,HIDALGO,48215
TX,Texas,HILL,48217
TX,Texas,HOCKLEY,48219
TX,Texas,HOOD,48221
TX,Texas,HOPKINS,48223
TX,Texas,HOUSTON,48225
TX,Texas,HOWARD,48227
TX,Texas,HUDSPETH,48229
TX,Texas,HUNT,48231
TX,Texas,HUTCHINSON,48233
TX,Texas,IRION,48235
TX,Texas,JACK,48237
TX,Texas,JACKSON,48239
TX,Texas,JASPER,48241
TX,Texas,JEFF DAVIS,48243
TX,Texas,JEFFERSON,48245
TX,Texas,JIM HOGG,48247
TX,Texas,JIM WELLS,48249
TX,Texas,JOHNSON,48251
TX,Texas,JONES,48253
TX,Texas,KARNES,48255
TX,Texas,KAUFMAN,48257
TX,Texas,KENDALL,48259
TX,Texas,KENEDY,48261
TX,Texas,KENT,48263
TX,Texas,KERR,48265
TX,Texas,KIMBLE,48267
TX,Texas,KING,48269
TX,Texas,KINNEY,48271
TX,Texas,KLEBERG,48273
TX,Texas,KNOX,48275
TX,Texas,LAMAR,48277
TX,Texas,LAMB,48279
TX,Texas,LAMPASAS,48281
TX,Texas,LA SALLE,48283
TX,Texas,LAVACA,48285
TX,Texas,LEE,48287
TX,Texas,LEON,48289
TX,Texas,LIBERTY,48291
TX,Texas,LIMESTONE,48293
TX,Texas,LIPSCOMB,48295
TX,Texas,LIVE OAK,48297
TX,Texas,LLANO,48299
TX,Texas,LOVING,48301
TX,Texas,LUBBOCK,48303
TX,Texas,LYNN,48305
TX,Texas,MCCULLOCH,48307
TX,Texas,MCLENNAN,48309
TX,Texas,MCMULLEN,48311
TX,Texas,MADISON,48313
TX,Texas,MARION,48315
TX,Texas,MARTIN,48317
TX,Texas,MASON,48319
TX,Texas,MATAGORDA,48321
TX,Texas,MAVERICK,48323
TX,Texas,MEDINA,48325
TX,Texas,MENARD,48327
TX,Texas,MIDLAND,48329
TX,Texas,MILAM,48331
TX,Texas,MILLS,48333
TX,Texas,MITCHELL,48335
TX,Texas,MONTAGUE,48337
TX,Texas,MONTGOMERY,48339
TX,Texas,MOORE,48341
TX,Texas,MORRIS,48343
TX,Texas,MOTLEY,48345
TX,Texas,NACOGDOCHES,48347
TX,Texas,NAVARRO,48349
TX,Texas,NEWTON,48351
TX,Texas,NOLAN,48353
TX,Texas,NUECES,48355
TX,Texas,OCHILTREE,48357
TX,Texas,OLDHAM,48359
TX,Texas,ORANGE,48361
TX,Texas,PALO PINTO,48363
TX,Texas,PANOLA,48365
TX,Texas,PARKER,48367
TX,Texas,PARMER,48369
TX,Texas,PECOS,48371
TX,Texas,POLK,48373
TX,Texas,POTTER,48375
TX,Texas,PRESIDIO,48377
TX,Texas,RAINS,48379
TX,Texas,RANDALL,48381
TX,Texas,REAGAN,48383
TX,Texas,REAL,48385
TX,Texas,RED RIVER,48387
TX,Texas,REEVES,48389
TX,Texas,REFUGIO,48391
TX,Texas,ROBERTS,48393
TX,Texas,ROBERTSON,48395
TX,Texas,ROCKWALL,48397
TX,Texas,RUNNELS,48399
TX,Texas,RUSK,48401
TX,Texas,SABINE,48403
TX,Texas,SAN AUGUSTINE,48405
TX,Texas,SAN JACINTO,48407
TX,Texas,SAN PATRICIO,48409
TX,Texas,SAN SABA,48411
TX,Texas,SCHLEICHER,48413
TX,Texas,SCURRY,48415
TX,Texas,SHACKELFORD,48417
TX,Texas,SHELBY,48419
TX,Texas,SHERMAN,48421
TX,Texas,SMITH,48423
TX,Texas,SOMERVELL,48425
TX,Texas,STARR,48427
TX,Texas,STEPHENS,48429
TX,Texas,STERLING,48431
TX,Texas,STONEWALL,48433
TX,Texas,SUTTON,48435
TX,Texas,SWISHER,48437
TX,Texas,TARRANT,48439
TX,Texas,TAYLOR,48441
TX,Texas,TERRELL,48443
TX,Texas,TERRY,48445
TX,Texas,THROCKMORTON,48447
TX,Texas,TITUS,48449
TX,Texas,TOM GREEN,48451
TX,Texas,TRAVIS,48453
TX,Texas,TRINITY,48455
TX,Texas,TYLER,48457
TX,Texas,UPSHUR,48459
TX,Texas,UPTON,48461
TX,Texas,UVALDE,48463
TX,Texas,VAL VERDE,48465
TX,Texas,VAN ZANDT,48467
TX,Texas,VICTORIA,48469
TX,Texas,WALKER,48471
TX,Texas,WALLER,48473
TX,Texas,WARD,48475
TX,Texas,WASHINGTON,48477
TX,Texas,WEBB,48479
TX,Texas,WHARTON,48481
TX,Texas,WHEELER,48483
TX,Texas,WICHITA,48485
TX,Texas,WILBARGER,48487
TX,Texas,WILLACY,48489
TX,Texas,WILLIAMSON,48491
TX,Texas,WILSON,48493
TX,Texas,WINKLER,48495
TX,Texas,WISE,48497
TX,Texas,WOOD,48499
TX,Texas,YOAKUM,48501
TX,Texas,YOUNG,48503
TX,Texas,ZAPATA,48505
TX,Texas,ZAVALA,48507
UT,Utah,BEAVER,49001
UT,Utah,BOX ELDER,49003
UT,Utah,CACHE,49005
UT,Utah,CARBON,49007
UT,Utah,DAGGETT,49009
UT,Utah,DAVIS,49011
UT,Utah,DUCHESNE,49013
UT,Utah,EMERY,49015
UT,Utah,GARFIELD,49017
UT,Utah,GRAND,49019
UT,Utah,IRON,49021
UT,Utah,JUAB,49023
UT,Utah,KANE,49025
UT,Utah,MILLARD,49027
UT,Utah,MORGAN,49029
UT,Utah,PIUTE,49031
UT,Utah,RICH,49033
UT,Utah,SALT LAKE,49035
UT,Utah,SAN JUAN,49037
UT,Utah,SANPETE,49039
UT,Utah,SEVIER,49041
UT,Utah,SUMMIT,49043
UT,Utah,TOOELE,49045
UT,Utah,UINTAH,49047
UT,Utah,UTAH,49049
UT,Utah,WASATCH,49051
UT,Utah,WASHINGTON,49053
UT,Utah,WAYNE,49055
UT,Utah,WEBER,49057
VT,Vermont,ADDISON,50001
VT,Vermont,BENNINGTON,50003
VT,Vermont,CALEDONIA,50005
VT,Vermont,CHITTENDEN,50007
VT,Vermont,ESSEX,50009
VT,Vermont,FRANKLIN,50011
VT,Vermont,GRAND ISLE,50013
VT,Vermont,LAMOILLE,50015
VT,Vermont,ORANGE,50017
VT,Vermont,ORLEANS,50019
VT,Vermont,RUTLAND,50021
VT,Vermont,WASHINGTON,50023
VT,Vermont,WINDHAM,50025
VT,Vermont,WINDSOR,50027
VA,Virginia,ACCOMACK,51001
VA,Virginia,ALBEMARLE,51003
VA,Virginia,ALLEGHANY,51005
VA,Virginia,AMELIA,51007
VA,Virginia,AMHERST,51009
VA,Virginia,APPOMATTOX,51011
VA,Virginia,ARLINGTON,51013
VA,Virginia,AUGUSTA,51015
VA,Virginia,BATH,51017
VA,Virginia,BEDFORD,51019
VA,Virginia,BLAND,51021
VA,Virginia,BOTETOURT,51023
VA,Virginia,BRUNSWICK,51025
VA,Virginia,BUCHANAN,51027
VA,Virginia,BUCKINGHAM,51029
VA,Virginia,CAMPBELL,51031
VA,Virginia,CAROLINE,51033
VA,Virginia,CARROLL,51035
VA,Virginia,CHARLES CITY,51036
VA,Virginia,CHARLOTTE,51037
VA,Virginia,CHESTERFIELD,51041
VA,Virginia,CLARKE,51043
VA,Virginia,CRAIG,51045
VA,Virginia,CULPEPER,51047
VA,Virginia,CUMBERLAND,51049
VA,Virginia,DICKENSON,51051
VA,Virginia,DINWIDDIE,51053
VA,Virginia,ESSEX,51057
VA,Virginia,FAIRFAX,51059
VA,Virginia,FAUQUIER,51061
VA,Virginia,FLOYD,51063
VA,Virginia,FLUVANNA,51065
VA,Virginia,FRANKLIN,51067
VA,Virginia,FREDERICK,51069
VA,Virginia,GILES,51071
VA,Virginia,GLOUCESTER,51073
VA,Virginia,GOOCHLAND,51075
VA,Virginia,GRAYSON,51077
VA,Virginia,GREENE,51079
VA,Virginia,GREENSVILLE,51081
VA,Virginia,HALIFAX,51083
VA,Virginia,HANOVER,51085
VA,Virginia,HENRICO,51087
VA,Virginia,HENRY,51089
VA,Virginia,HIGHLAND,51091
VA,Virginia,ISLE OF WIGHT,51093
VA,Virginia,JAMES CITY,51095
VA,Virginia,KING AND QUEEN,51097
VA,Virginia,KING GEORGE,51099
VA,Virginia,KING WILLIAM,51101
VA,Virginia,LANCASTER,51103
VA,Virginia,LEE,51105
VA,Virginia,LOUDOUN,51107
VA,Virginia,LOUISA,51109
VA,Virginia,LUNENBURG,51111
VA,Virginia,MADISON,51113
VA,Virginia,MATHEWS,51115
VA,Virginia,MECKLENBURG,51117
VA,Virginia,MIDDLESEX,51119
VA,Virginia,MONTGOMERY,51121
VA,Virginia,NELSON,51125
VA,Virginia,NEW KENT,51127
VA,Virginia,NORTHAMPTON,51131
VA,Virginia,NORTHUMBERLAND,51133
VA,Virginia,NOTTOWAY,51135
VA,Virginia,ORANGE,51137
VA,Virginia,PAGE,51139
VA,Virginia,PATRICK,51141
VA,Virginia,PITTSYLVANIA,51143
VA,Virginia,POWHATAN,51145
VA,Virginia,PRINCE EDWARD,51147
VA,Virginia,PRINCE GEORGE,51149
VA,Virginia,PRINCE WILLIAM,51153
VA,Virginia,PULASKI,51155
VA,Virginia,RAPPAHANNOCK,51157
VA,Virginia,RICHMOND,51159
VA,Virginia,ROANOKE,51161
VA,Virginia,ROCKBRIDGE,51163
VA,Virginia,ROCKINGHAM,51165
VA,Virginia,RUSSELL,51167
VA,Virginia,SCOTT,51169
VA,Virginia,SHENANDOAH,51171
VA,Virginia,SMYTH,51173
VA,Virginia,SOUTHAMPTON,51175
VA,Virginia,SPOTSYLVANIA,51177
VA,Virginia,STAFFORD,51179
VA,Virginia,SURRY,51181
VA,Virginia,SUSSEX,51183
VA,Virginia,TAZEWELL,51185
VA,Virginia,WARREN,51187
VA,Virginia,WASHINGTON,51191
VA,Virginia,WESTMORELAND,51193
VA,Virginia,WISE,51195
VA,Virginia,WYTHE,51197
VA,Virginia,YORK,51199
VA,Virginia,ALEXANDRIA CITY,51510
VA,Virginia,BEDFORD CITY,51515
VA,Virginia,BRISTOL CITY,51520
VA,Virginia,BUENA VISTA CITY,51530
VA,Virginia,CHARLOTTESVILLE CITY,51540
VA,Virginia,CHESAPEAKE CITY,51550
VA,Virginia,CLIFTON FORGE CITY,51560
VA,Virginia,COLONIAL HEIGHTS CITY,51570
VA,Virginia,COVINGTON CITY,51580
VA,Virginia,DANVILLE CITY,51590
VA,Virginia,EMPORIA CITY,51595
VA,Virginia,FAIRFAX CITY,51600
VA,Virginia,FALLS CHURCH CITY,51610
VA,Virginia,FRANKLIN CITY,51620
VA,Virginia,FREDERICKSBURG CITY,51630
VA,Virginia,GALAX CITY,51640
VA,Virginia,HAMPTON CITY,51650
VA,Virginia,HARRISONBURG CITY,51660
VA,Virginia,HOPEWELL CITY,51670
VA,Virginia,LEXINGTON CITY,51678
VA,Virginia,LYNCHBURG CITY,51680
VA,Virginia,MANASSAS CITY,51683
VA,Virginia,MANASSAS PARK CITY,51685
VA,Virginia,MARTINSVILLE CITY,51690
VA,Virginia,NEWPORT NEWS CITY,51700
VA,Virginia,NORFOLK CITY,51710
VA,Virginia,NORTON CITY,51720
VA,Virginia,PETERSBURG CITY,51730
VA,Virginia,POQUOSON CITY,51735
VA,Virginia,PORTSMOUTH CITY,51740
VA,Virginia,RADFORD CITY,51750
VA,Virginia,RICHMOND CITY,51760
VA,Virginia,ROANOKE CITY,51770
VA,Virginia,SALEM CITY,51775
VA,Virginia,SOUTH BOSTON CITY,51780
VA,Virginia,STAUNTON CITY,51790
VA,Virginia,SUFFOLK CITY,51800
VA,Virginia,VIRGINIA BEACH CITY,51810
VA,Virginia,WAYNESBORO CITY,51820
VA,Virginia,WILLIAMSBURG CITY,51830
VA,Virginia,WINCHESTER CITY,51840
WA,Washington,ADAMS,53001
WA,Washington,ASOTIN,53003
WA,Washington,BENTON,53005
WA,Washington,CHELAN,53007
WA,Washington,CLALLAM,53009
WA,Washington,CLARK,53011
WA,Washington,COLUMBIA,53013
WA,Washington,COWLITZ,53015
WA,Washington,DOUGLAS,53017
WA,Washington,FERRY,53019
WA,Washington,FRANKLIN,53021
WA,Washington,GARFIELD,53023
WA,Washington,GRANT,53025
WA,Washington,GRAYS HARBOR,53027
WA,Washington,ISLAND,53029
WA,Washington,JEFFERSON,53031
WA,Washington,KING,53033
WA,Washington,KITSAP,53035
WA,Washington,KITTITAS,53037
WA,Washington,KLICKITAT,53039
WA,Washington,LEWIS,53041
WA,Washington,LINCOLN,53043
WA,Washington,MASON,53045
WA,Washington,OKANOGAN,53047
WA,Washington,PACIFIC,53049
WA,Washington,PEND OREILLE,53051
WA,Washington,PIERCE,53053
WA,Washington,SAN JUAN,53055
WA,Washington,SKAGIT,53057
WA,Washington,SKAMANIA,53059
WA,Washington,SNOHOMISH,53061
WA,Washington,SPOKANE,53063
WA,Washington,STEVENS,53065
WA,Washington,THURSTON,53067
WA,Washington,WAHKIAKUM,53069
WA,Washington,WALLA WALLA,53071
WA,Washington,WHATCOM,53073
WA,Washington,WHITMAN,53075
WA,Washington,YAKIMA,53077
WV,West Virginia,BARBOUR,54001
WV,West Virginia,BERKELEY,54003
WV,West Virginia,BOONE,54005
WV,West Virginia,BRAXTON,54007
WV,West Virginia,BROOKE,54009
WV,West Virginia,CABELL,54011
WV,West Virginia,CALHOUN,54013
WV,West Virginia,CLAY,54015
WV,West Virginia,DODDRIDGE,54017
WV,West Virginia,FAYETTE,54019
WV,West Virginia,GILMER,54021
WV,West Virginia,GRANT,54023
WV,West Virginia,GREENBRIER,54025
WV,West Virginia,HAMPSHIRE,54027
WV,West Virginia,HANCOCK,54029
WV,West Virginia,HARDY,54031
WV,West Virginia,HARRISON,54033
WV,West Virginia,JACKSON,54035
WV,West Virginia,JEFFERSON,54037
WV,West Virginia,KANAWHA,54039
WV,West Virginia,LEWIS,54041
WV,West Virginia,LINCOLN,54043
WV,West Virginia,LOGAN,54045
WV,West Virginia,MCDOWELL,54047
WV,West Virginia,MARION,54049
WV,West Virginia,MARSHALL,54051
WV,West Virginia,MASON,54053
WV,West Virginia,MERCER,54055
WV,West Virginia,MINERAL,54057
WV,West Virginia,MINGO,54059
WV,West Virginia,MONONGALIA,54061
WV,West Virginia,MONROE,54063
WV,West Virginia,MORGAN,54065
WV,West Virginia,NICHOLAS,54067
WV,West Virginia,OHIO,54069
WV,West Virginia,PENDLETON,54071
WV,West Virginia,PLEASANTS,54073
WV,West Virginia,POCAHONTAS,54075
WV,West Virginia,PRESTON,54077
WV,West Virginia,PUTNAM,54079
WV,West Virginia,RALEIGH,54081
WV,West Virginia,RANDOLPH,54083
WV,West Virginia,RITCHIE,54085
WV,West Virginia,ROANE,54087
WV,West Virginia,SUMMERS,54089
WV,West Virginia,TAYLOR,54091
WV,West Virginia,TUCKER,54093
WV,West Virginia,TYLER,54095
WV,West Virginia,UPSHUR,54097
WV,West Virginia,WAYNE,54099
WV,West Virginia,WEBSTER,54101
WV,West Virginia,WETZEL,54103
WV,West Virginia,WIRT,54105
WV,West Virginia,WOOD,54107
WV,West Virginia,WYOMING,54109
WI,Wisconsin,ADAMS,55001
WI,Wisconsin,ASHLAND,55003
WI,Wisconsin,BARRON,55005
WI,Wisconsin,BAYFIELD,55007
WI,Wisconsin,BROWN,55009
WI,Wisconsin,BUFFALO,55011
WI,Wisconsin,BURNETT,55013
WI,Wisconsin,CALUMET,55015
WI,Wisconsin,CHIPPEWA,55017
WI,Wisconsin,CLARK,55019
WI,Wisconsin,COLUMBIA,55021
WI,Wisconsin,CRAWFORD,55023
WI,Wisconsin,DANE,55025
WI,Wisconsin,DODGE,55027
WI,Wisconsin,DOOR,55029
WI,Wisconsin,DOUGLAS,55031
WI,Wisconsin,DUNN,55033
WI,Wisconsin,EAU CLAIRE,55035
WI,Wisconsin,FLORENCE,55037
WI,Wisconsin,FOND DU LAC,55039
WI,Wisconsin,FOREST,55041
WI,Wisconsin,GRANT,55043
WI,Wisconsin,GREEN,55045
WI,Wisconsin,GREEN LAKE,55047
WI,Wisconsin,IOWA,55049
WI,Wisconsin,IRON,55051
WI,Wisconsin,JACKSON,55053
WI,Wisconsin,JEFFERSON,55055
WI,Wisconsin,JUNEAU,55057
WI,Wisconsin,KENOSHA,55059
WI,Wisconsin,KEWAUNEE,55061
WI,Wisconsin,LA CROSSE,55063
WI,Wisconsin,LAFAYETTE,55065
WI,Wisconsin,LANGLADE,55067
WI,Wisconsin,LINCOLN,55069
WI,Wisconsin,MANITOWOC,55071
WI,Wisconsin,MARATHON,55073
WI,Wisconsin,MARINETTE,55075
WI,Wisconsin,MARQUETTE,55077
WI,Wisconsin,MENOMINEE,55078
WI,Wisconsin,MILWAUKEE,55079
WI,Wisconsin,MONROE,55081
WI,Wisconsin,OCONTO,55083
WI,Wisconsin,ONEIDA,55085
WI,Wisconsin,OUTAGAMIE,55087
WI,Wisconsin,OZAUKEE,55089
WI,Wisconsin,PEPIN,55091
WI,Wisconsin,PIERCE,55093
WI,Wisconsin,POLK,55095
WI,Wisconsin,PORTAGE,55097
WI,Wisconsin,PRICE,55099
WI,Wisconsin,RACINE,55101
WI,Wisconsin,RICHLAND,55103
WI,Wisconsin,ROCK,55105
WI,Wisconsin,RUSK,55107
WI,Wisconsin,ST. CROIX,55109
WI,Wisconsin,SAUK,55111
WI,Wisconsin,SAWYER,55113
WI,Wisconsin,SHAWANO,55115
WI,Wisconsin,SHEBOYGAN,55117
WI,Wisconsin,TAYLOR,55119
WI,Wisconsin,TREMPEALEAU,55121
WI,Wisconsin,VERNON,55123
WI,Wisconsin,VILAS,55125
WI,Wisconsin,WALWORTH,55127
WI,Wisconsin,WASHBURN,55129
WI,Wisconsin,WASHINGTON,55131
WI,Wisconsin,WAUKESHA,55133
WI,Wisconsin,WAUPACA,55135
WI,Wisconsin,WAUSHARA,55137
WI,Wisconsin,WINNEBAGO,55139
WI,Wisconsin,WOOD,55141
WY,Wyoming,ALBANY,56001
WY,Wyoming,BIG HORN,56003
WY,Wyoming,CAMPBELL,56005
WY,Wyoming,CARBON,56007
WY,Wyoming,CONVERSE,56009
WY,Wyoming,CROOK,56011
WY,Wyoming,FREMONT,56013
WY,Wyoming,GOSHEN,56015
WY,Wyoming,HOT SPRINGS,56017
WY,Wyoming,JOHNSON,56019
WY,Wyoming,LARAMIE,56021
WY,Wyoming,LINCOLN,56023
WY,Wyoming,NATRONA,56025
WY,Wyoming,NIOBRARA,56027
WY,Wyoming,PARK,56029
WY,Wyoming,PLATTE,56031
WY,Wyoming,SHERIDAN,56033
WY,Wyoming,SUBLETTE,56035
WY,Wyoming,SWEETWATER,56037
WY,Wyoming,TETON,56039
WY,Wyoming,UINTA,56041
WY,Wyoming,WASHAKIE,56043
WY,Wyoming,WESTON,56045
AK,Alaska,STATEWIDE,2000
DE,Delaware,STATEWIDE,10000
RI,Rhode Island,STATEWIDE,44000
